Transaction ID,Date,Company,Material,Net Weight,Price,Payment Amount
TID-002,07/01/2025,STS Electronic Recycling,Tin,"26,660",6,1599.6
TID-003,07/01/2025,Bannister Plumbing,Tin,"4,140",5,207
TID-004,07/01/2025,Bannister Plumbing,Dispatch Fee,-50,1,-50
TID-005,07/01/2025,Star Buildings & Carports,Tin,"15,680",6,940.8
TID-006,07/01/2025,Becker Iron & Metal,Tin,"4,100",6,246
TID-007,07/02/2025,SKS Demolition,Long Iron,"10,220",5,511
TID-008,07/02/2025,Stone Water Roofing,Tin,"26,780",5,1339
TID-009,07/02/2025,SKS Demolition,Dispatch Fee,-50,1,-50
TID-0010,07/02/2025,Stone Water Roofing,Dispatch Fee,-50,1,-50
TID-0011,07/03/2025,Wilders Seamless Gutters,AL PAINTED SIDING,"1,180",0.38,448.4
TID-0012,07/03/2025,The Brothers That Just Do Gutters,AL PAINTED SIDING,"1,780",0.38,676.4
TID-0013,07/03/2025,Wilders Seamless Gutters,Dispatch Fee,-50,1,-50
TID-0014,07/03/2025,Becker Iron & Metal,Tin,"5,060",6,303.6
TID-0015,07/03/2025,Bo Ervin,Tin,"6,800",6,408
TID-0016,07/07/2025,STS Electronic Recycling,Tin,"17,120",6,1027.2
TID-0017,07/07/2025,Felicia Wray,Short Iron,"6,040",7.5,453
TID-0018,07/07/2025,Hangers Of Hope,Tin,"3,140",5,157
TID-0019,07/07/2025,Felicia Wray,Tin,"1,240",5,62
TID-0020,07/07/2025,Hangers Of Hope,Dispatch Fee,-50,1,-50
TID-0021,07/07/2025,Felicia Wray,Dispatch Fee,-50,1,-50
TID-0022,07/08/2025,SKS Demolition,Tin,"3,500",5,175
TID-0023,07/08/2025,SKS Demolition,Dispatch Fee,-50,1,-50
TID-0024,07/08/2025,Wood County Electric Cooperativ e Inc.,Steel Cable,"3,180",0.5,15.9
TID-0025,07/08/2025,Wood County Electric Cooperativ e Inc.,Tin,"1,040",5,52
TID-0026,07/08/2025,Rex Dickens,Tin,"8,300",4.5,373.5
TID-0027,07/08/2025,Hughes Appliance,Tin,"4,540",4.5,204.3
TID-0028,07/08/2025,Wood County Electric Cooperativ e Inc.,#1 COPPER,111,3.64,404.04
TID-0029,07/08/2025,Wood County Electric Cooperativ e Inc.,ACSR NEOPREN E MIX,"3,148",0.28,881.44
TID-0030,07/08/2025,Wood County Electric Cooperativ e Inc.,AL BREAKAG E >60%,193,0.08,15.44
TID-0031,07/08/2025,Wood County Electric Cooperativ e Inc.,AL CLIPS,5,0.4,2
TID-0032,07/08/2025,Wood County Electric Cooperativ e Inc.,AL NEOPREN E,"1,505",0.28,421.4
TID-0033,07/08/2025,Wood County Electric Cooperativ e Inc.,AL W/CU URD,"2,44…",0.08,#VALUE!
TID-0034,07/08/2025,Wood County Electric Cooperativ e Inc.,COMPRE SSOR/SE ALED UNIT,73,0.15,10.95
TID-0035,07/08/2025,Wood County Electric Cooperativ e Inc.,ELECTRIC MOTOR #1,17,0.25,4.25
TID-0036,07/08/2025,Wood County Electric Cooperativ e Inc.,INSULATE D #1 COPPER 60%,104,2.05,213.2
TID-0037,07/08/2025,Rex,DISPATCH,-75,1,-75
TID-0038,07/08/2025,Hughes Appliance,Dispatch Fee,-50,1,-50
TID-0039,07/08/2025,Becker Iron & Metal,Tin,"5,560",6,333.6
TID-0040,07/08/2025,Pichy's Buildings and,Tin,"6,780",6,406.8
TID-0041,07/08/2025,Star Buildings & Carports,Tin,"17,480",6,1048.8
TID-0042,07/09/2025,"Rusk County Electric Cooperativ e., Inc",Steel Cable,240,0.5,1.2
TID-0043,07/09/2025,Benjamin Franklin Plumbing,Tin,"5,620",5,281
TID-0044,07/09/2025,"Rusk County Electric Cooperativ e., Inc",Tin,"1,650",5.5,90.75
TID-0045,07/09/2025,TNT Demolition (Norman Ward),Tin,"2,980",5,149
TID-0046,07/09/2025,"Rusk County Electric Cooperativ e., Inc",#1 COPPER,205,3.8,779
TID-0047,07/09/2025,"Rusk County Electric Cooperativ e., Inc",#2 COPPER,1,3.65,3.65
TID-0048,07/09/2025,"Rusk County Electric Cooperativ e., Inc",ACSR ALUMINU M COATED STEEL REINFOR CED,"3,283",0.28,919.24
TID-0049,07/09/2025,"Rusk County Electric Cooperativ e., Inc",ACSR NEOPREN E MIX,90,0.28,25.2
TID-0050,07/09/2025,"Rusk County Electric Cooperativ e., Inc",AL BREAKAG E >60%,135,0.08,10.8
TID-0051,07/09/2025,"Rusk County Electric Cooperativ e., Inc",AL CAST,4,0.45,1.8
TID-0052,07/09/2025,"Rusk County Electric Cooperativ e., Inc",AL CLIPS,15,0.5,7.5
TID-0053,07/09/2025,"Rusk County Electric Cooperativ e., Inc",BRASS UNCLEAN /DIRTY,58,0.5,29
TID-0054,07/09/2025,"Rusk County Electric Cooperativ e., Inc",INSULATE D #1 COPPER 60%,35,2,70
TID-0055,07/09/2025,"Rusk County Electric Cooperativ e., Inc",YELLOW BRASS CLEAN,4,2.39,9.56
TID-0056,07/09/2025,TNT Demolition (Norman Ward),Dispatch Fee,-50,1,-50
TID-0057,07/09/2025,Solis Brothers Excavation,Tin,"7,960",6,477.6
TID-0058,07/10/2025,Fritcher Constructi on,REBAR,"46,640",5,2332
TID-0059,07/10/2025,Four Seasons Containers,Tin,"20,460",5,1023
TID-0060,07/10/2025,Four Seasons Containers,Dispatch Fee,-50,1,-50
TID-0061,07/10/2025,Solis Brothers Excavation,Tin,"10,220",6,613.2
TID-0062,07/11/2025,STS Electronic Recycling,Tin,"22,300",6,1338
TID-0063,07/11/2025,Fritcher Constructi on,REBAR,"43,160",5,2158
TID-0064,07/11/2025,Xtreme Metals,Tin,"9,900",5,495
TID-0065,07/11/2025,Xtreme Metals,Dispatch Fee,-50,1,-50
TID-0066,07/11/2025,Houston County Co-Op,Steel Cable,360,2,7.2
TID-0067,07/11/2025,Houston County Co-Op,Tin,620,5,31
TID-0068,07/11/2025,Houston County,2-1 COPPER,202,1,202
TID-0069,07/11/2025,Houston County Co-Op,ACSR ALUMINU M COATED STEEL REINFOR CED,316,0.28,88.48
TID-0070,07/11/2025,Houston County Co-Op,ACSR NEOPREN E MIX,"1,782",0.28,498.96
TID-0071,07/11/2025,Houston County Co-Op,AL/CU REEFER UNCLEAN,630,0.05,31.5
TID-0072,07/14/2025,Gourmet Gardens,Tin,"9,580",5,479
TID-0073,07/14/2025,Gourmet Gardens,Dispatch Fee,-50,1,-50
TID-0074,07/14/2025,Southern Tire Mart,Long Iron,"8,121",6.5,527.865
TID-0075,07/14/2025,Leons Sign,Tin,"2,020",5,101
TID-0076,07/14/2025,Stone Water Roofing,AL PAINTED SIDING,"1,960",0.38,744.8
TID-0077,07/14/2025,Southern Tire Mart,AL TRUCK WHEELS,"1,503",0.55,826.65
TID-0078,07/14/2025,Southern Tire Mart,AL WHEELS CLEAN,16,0.7,11.2
TID-0079,07/14/2025,Leons Sign,Dispatch Fee,-50,1,-50
TID-0080,07/14/2025,Stone Water Roofing,Dispatch Fee,-50,1,-50
TID-0081,07/14/2025,Southern Tire Mart,Dispatch Fee,-50,1,-50
TID-0082,07/14/2025,Solis Brothers Excavation,Tin,"12,300",6,738
TID-0083,07/15/2025,Robbins & Morton,Tin,"2,380",5,119
TID-0084,07/15/2025,T&O Fence,WIRE/FEN CING,"17,460",0.5,87.3
TID-0085,07/15/2025,T&O Fence,Dispatch Fee,-50,1,-50
TID-0086,07/15/2025,Robbins & Morton,Dispatch Fee,-50,1,-50
TID-0087,07/15/2025,Lamar Advertising,Tin,"6,900",5,345
TID-0088,07/15/2025,Tailored Foam,Tin,"2,700",3.1481,84.9987
TID-0089,07/15/2025,Lamar Advertising,Dispatch Fee,-50,1,-50
TID-0090,07/15/2025,Star Buildings & Carports,Tin,"15,940",6,956.4
TID-0091,07/15/2025,Tejas Mex,Tin,"5,960",6,357.6
TID-0092,07/16/2025,STS Electronic Recycling,Tin,"23,960",6,1437.6
TID-0093,07/16/2025,Fritcher Constructi on,REBAR,"25,460",5,1273
TID-0094,07/16/2025,Stone Water Roofing,#2 COPPER,192,3.4,652.8
TID-0095,07/16/2025,Stone Water Roofing,Dispatch Fee,-50,1,-50
TID-0096,07/16/2025,City Of Alba,Tin,"6,340",4.5,285.3
TID-0097,07/16/2025,Becker Iron & Metal,Tin,"1,740",6,104.4
TID-0098,07/17/2025,Four Seasons Containers,Tin,"20,960",5,1048
TID-0099,07/17/2025,Adam Marsh,Tin,"1,800",5,90
TID-00100,07/17/2025,Eagle Business Machines,Tin,"6,020",5,301
TID-00101,07/17/2025,Four Seasons Containers,Dispatch Fee,-50,1,-50
TID-00102,07/17/2025,Adam Marsh,Dispatch Fee,-50,1,-50
TID-00103,07/17/2025,Eagle Business Machines,Dispatch Fee,-50,1,-50
TID-00104,07/17/2025,Don Hamilton,Tin,"4,500",5,225
TID-00105,07/17/2025,Vulcraft Division Of Nucore,Tin,"50,940",6,3056.4
TID-00106,07/17/2025,Don Hamilton,Dispatch Fee,-75,1,-75
TID-00107,07/17/2025,Vulcraft Division Of Nucore,Dispatch Fee,-50,1,-50
TID-00108,07/17/2025,American Timber & Steel,Tin,"12,060",6,723.6
TID-00109,07/18/2025,Jayden Root,Long Iron,"8,460",5,423
TID-00110,07/18/2025,Tejas Carports & Roofing,Tin,"4,240",6,254.4
TID-00111,07/21/2025,STS Electronic Recycling,Tin,"18,520",6,1111.2
TID-00112,07/21/2025,Greenway Gutters,AL PAINTED SIDING,"1,280",0.38,486.4
TID-00113,07/21/2025,Greenway Gutters,Dispatch Fee,-50,1,-50
TID-00114,07/21/2025,Crowded 6 Ranch,Tin,"1,320",6,79.2
TID-00115,07/21/2025,Southwest Metal,Tin,"8,520",4.5,383.4
TID-00116,07/21/2025,Rex Dickens,Tin,"7,540",4.5,339.3
TID-00117,07/21/2025,Southwest Metal,Dispatch Fee,-50,1,-50
TID-00118,07/21/2025,Rex Dickens,Dispatch Fee,-75,1,-75
TID-00119,07/21/2025,Pichy's Buildings and Carports,Tin,"6,780",6,406.8
TID-00120,07/22/2025,Allstar Ford,Short Iron,"4,860",7.5,364.5
TID-00121,07/22/2025,TNT Demolition (Norman Ward),Tin,"4,600",5,230
TID-00122,07/22/2025,Allstar Ford,Tin,"4,520",5,226
TID-00123,07/22/2025,TNT Demolition (Norman Ward),Dispatch Fee,-50,1,-50
TID-00124,07/22/2025,Allstar Ford,Dispatch Fee,-50,1,-50
TID-00125,07/22/2025,Becker Iron & Metal,Tin,"4,260",6,255.6
TID-00126,07/22/2025,Star Buildings & Carports,Tin,"13,820",6,829.2
TID-00127,07/23/2025,TNT Demolition (Norman Ward),Tin,"6,240",5,312
TID-00128,07/23/2025,Tyler Overhead Door,Tin,"2,820",5,141
TID-00129,07/23/2025,The Brothers That Just Do Gutters,AL PAINTED SIDING,"1,300",0.38,494
TID-00130,07/23/2025,TNT Demolition (Norman Ward),Dispatch Fee,-50,1,-50
TID-00131,07/23/2025,Pinnacle Gas Treating,Long Iron,"8,280",5,414
TID-00132,07/23/2025,Pinnacle Gas Treating,Short Iron,"8,280",7,579.6
TID-00133,07/23/2025,Lucas,TIN/#2,"3,620",5,181
TID-00134,07/23/2025,Jimmy McMillian,Tin,"6,320",5,316
TID-00135,07/23/2025,Lucas Roofing,Dispatch Fee,-50,1,-50
TID-00136,07/23/2025,Pinnacle Gas Treating,Dispatch Fee,-50,1,-50
TID-00137,07/23/2025,Jimmy McMillian,Dispatch Fee,-50,1,-50
TID-00138,07/24/2025,Pinehurst Farms,REBAR,"2,000",0.5,10
TID-00139,07/24/2025,Pinehurst Farms,Tin,"5,540",5,277
TID-00140,07/24/2025,MOMENT UM MIDSTRE AM,Tin,0,0,0
TID-00141,07/24/2025,Pinehurst Farms,Dispatch Fee,-50,1,-50
TID-00142,07/25/2025,Cherokee County Solid Waste,Tin,"12,200",5,610
TID-00143,07/25/2025,Bannister Plumbing,Tin,"5,340",5,267
TID-00144,07/25/2025,Bannister Plumbing,Dispatch Fee,-50,1,-50
TID-00145,07/25/2025,Aesop Auto,Tin,"9,960",7,697.2
TID-00146,07/28/2025,Four Seasons Containers,Tin,"21,360",5,1068
TID-00147,07/28/2025,Momentum Midstream Longview Plant,Tin,"3,940",5,197
TID-00148,07/28/2025,Four Seasons Containers,Dispatch Fee,-50,1,-50
TID-00149,07/28/2025,Momentum Midstream Longview Plant,Dispatch Fee,-50,1,-50
TID-00150,07/29/2025,Gourmet Gardens,Tin,"7,720",5,386
TID-00151,07/29/2025,STS Electronic Recycling,Tin,"27,240",6,1634.4
TID-00152,07/29/2025,Gourmet Gardens,Dispatch Fee,-50,1,-50
TID-00153,07/29/2025,Star Buildings & Carports,Tin,"18,000",6,1080
TID-00154,07/30/2025,Neckover Trailers,Dealer Clips,"22,300",6.25,1393.75
TID-00155,07/30/2025,Delek Companie s,Long Iron,"18,000",5,900
TID-00156,07/30/2025,Overhead Door Systems,Tin,"5,800",5,290
TID-00157,07/30/2025,Hangers Of Hope,Tin,"3,900",5,195
TID-00158,07/30/2025,Leons Sign,Tin,"14,140",5.5615,786.3961
TID-00159,07/30/2025,Select Chemistry,Tin,"3,320",5,166
TID-00160,07/30/2025,Delek Companie s,Tin,"3,080",5,154
TID-00161,07/30/2025,Leons Sign,AL 3003,801,0.85,680.85
TID-00162,07/30/2025,Leons Sign,AL 5052,"3,657",0.9,3291.3
TID-00163,07/30/2025,Leons Sign,AL 6063 CLEAN,282,0.6,169.2
TID-00164,07/30/2025,Leons Sign,AL BREAKAG E >60%,300,0.1,30
TID-00165,07/30/2025,Hangers Of Hope,Dispatch Fee,-50,1,-50
TID-00166,07/30/2025,Leons Sign,Dispatch Fee,-50,1,-50
TID-00167,07/30/2025,Delek Companie s,Dispatch Fee,-50,1,-50
TID-00168,07/30/2025,Neckover Trailers,Dispatch Fee,-50,1,-50
TID-00169,07/30/2025,Tejas Mex,Tin,"6,680",6,400.8
TID-00170,07/30/2025,Pichy's Buildings and Carports,Tin,"7,120",6,427.2
TID-00171,07/31/2025,Lyle Crowell,Tin,"4,760",5,238
TID-00172,07/31/2025,"Rusk County Electric Cooperativ e., Inc",#1 COPPER,200,2.9,580
TID-00173,07/31/2025,"Rusk County Electric Cooperativ e., Inc",#2 COPPER,1,2.74,2.74
TID-00174,07/31/2025,"Rusk County Electric Cooperativ e., Inc",85% MCM,30,2.28,68.4
TID-00175,07/31/2025,"Rusk County Electric Cooperativ e., Inc",ACSR ALUMINU M COATED STEEL REINFOR CED,"1,422",0.2,284.4
TID-00176,07/31/2025,"Rusk County Electric Cooperativ e., Inc",AL EC WIRE,395,0.96,379.2
TID-00177,07/31/2025,"Rusk County Electric Cooperativ e., Inc",AL NEOPREN E,"1,082",0.2,216.4
TID-00178,07/31/2025,"Rusk County Electric Cooperativ e., Inc",BRASS UNCLEAN /DIRTY,30,0.5,15
TID-00179,07/31/2025,"Rusk County Electric Cooperativ e., Inc",INSULATE D #1 COPPER 60%,36,1.95,70.2
TID-00180,07/31/2025,Lyle Crowell,Dispatch Fee,-75,1,-75
TID-00181,07/31/2025,Crockett Isd,Tin,"4,080",5,204
TID-00182,07/31/2025,Lovelady Isd,Tin,"8,020",5,401
TID-00183,07/31/2025,Crockett Isd,Dispatch Fee,-50,1,-50
TID-00184,07/31/2025,Lovelady Isd,Dispatch Fee,-50,1,-50
TID-00185,07/31/2025,Quality Paint & Body,DRY RUN FEE,0,1,0
TID-00186,08/01/2025,Keith Isaac,Tin,"16,980",6.5,1103.7
TID-00187,08/04/2025,STS Electronic Recycling,Tin,"16,120",6,967.2
TID-00188,08/05/2025,Four Seasons Containers,Tin,"19,900",5,995
TID-00189,08/05/2025,Xtreme Metals,Tin,"9,220",5,461
TID-00190,08/05/2025,Benjamin Franklin Plumbing,Tin,"6,000",5,300
TID-00191,08/05/2025,Four Seasons Containers,Dispatch Fee,-50,1,-50
TID-00192,08/05/2025,Xtreme Metals,Dispatch Fee,-50,1,-50
TID-00193,08/05/2025,Benjamin Franklin Plumbing,Dispatch Fee,-50,1,-50
TID-00194,08/05/2025,Diamond S Ag Services,Tin,"7,140",5,357
TID-00195,08/05/2025,Pinnacle Gas Treating,Tin,"5,180",5,259
TID-00196,08/05/2025,Diamond S Ag Services,Dispatch Fee,-75,1,-75
TID-00197,08/05/2025,Pinnacle Gas Treating,Dispatch Fee,-50,1,-50
TID-00198,08/06/2025,Hydro Con LLC,Tin,"16,000",5,800
TID-00199,08/06/2025,Hydro Con LLC,Dispatch Fee,-50,1,-50
TID-00200,08/06/2025,Sanderson Farms,Tin,"9,840",5,492
TID-00201,08/06/2025,Sanderson Farms,Dispatch Fee,-50,1,-50
TID-00202,08/06/2025,Mineola ISD,Tin,"6,740",4.5,303.3
TID-00203,08/06/2025,Hughes Appliance,Tin,"4,280",4.5,192.6
TID-00204,08/06/2025,Mineola ISD,Dispatch Fee,-50,1,-50
TID-00205,08/06/2025,Hughes Appliance,Dispatch Fee,-50,1,-50
TID-00206,08/06/2025,Star Buildings & Carports,Tin,"22,680",6,1360.8
TID-00207,08/07/2025,STS Electronic Recycling,Tin,"27,500",6,1650
TID-00208,08/07/2025,Tejas Carports & Roofing,Tin,"5,000",6,300
TID-00209,08/08/2025,Allstar Ford,Tin,"8,760",6,525.6
TID-00210,08/08/2025,Aesop Auto,Tin,"8,080",7,565.6
TID-00211,08/08/2025,Aesop Auto,AL BREAKAG E >60%,197,0.1,19.7
TID-00212,08/08/2025,Stone Water Roofing,AL PAINTED SIDING,"1,640",0.38,623.2
TID-00213,08/08/2025,Aesop Auto,AL RADIATO R UNCLEAN,"3,940",0.3,1182
TID-00214,08/08/2025,Allstar Ford,Dispatch Fee,-50,1,-50
TID-00215,08/08/2025,Stone Water Roofing,Dispatch Fee,-50,1,-50
TID-00216,08/08/2025,Wood County Electric Cooperativ,Steel Cable,"3,520",0.5,17.6
TID-00217,08/08/2025,Wood County Electric Cooperativ e Inc.,Tin,"21,580",4.5,971.1
TID-00218,08/08/2025,Wood County Electric Cooperativ e Inc.,#1 COPPER,173,3.8,657.4
TID-00219,08/08/2025,Wood County Electric Cooperativ e Inc.,ACSR NEOPREN E MIX,"2,889",0.3,866.7
TID-00220,08/08/2025,Wood County Electric Cooperativ e Inc.,AL BREAKAG E >60%,135,0.05,6.75
TID-00221,08/08/2025,Wood County Electric Cooperativ e Inc.,AL EC WIRE,168,1.1,184.8
TID-00222,08/08/2025,Wood County Electric Cooperativ e Inc.,AL NEOPREN E,648,0.3,194.4
TID-00223,08/08/2025,Wood County Electric Cooperativ e Inc.,AL NOSE STARTER,6,0.2,1.2
TID-00224,08/08/2025,Wood County Electric Cooperativ e Inc.,AL RADIATO R UNCLEAN,166,0.28,46.48
TID-00225,08/08/2025,Wood County Electric Cooperativ e Inc.,AL W/CU URD,"2,315",0.25,578.75
TID-00226,08/08/2025,Wood County Electric Cooperativ e Inc.,AUTO COMPRE SSOR,15,0.1,1.5
TID-00227,08/08/2025,Wood County Electric Cooperativ e Inc.,INSULATE D #1 COPPER 60%,27,2.1,56.7
TID-00228,08/08/2025,Wood County Electric Cooperativ e Inc.,INSULATE D #2 COPPER 42%,60,1.1,66
TID-00229,08/08/2025,Wood County Electric Cooperativ e Inc.,YELLOW BRASS CLEAN,10.6,2.4,25.44
TID-00230,08/11/2025,Hall Truck Center,Short Iron,"7,340",8,587.2
TID-00231,08/11/2025,Hall Truck Center,Tin,"6,660",6,399.6
TID-00232,08/11/2025,Wilders Seamless Gutters,AL PAINTED SIDING,"2,160",0.38,820.8
TID-00233,08/11/2025,Hall Truck Center,AL RADIATO R UNCLEAN,400,0.26,104
TID-00234,08/11/2025,Wilders Seamless Gutters,Dispatch Fee,-50,1,-50
TID-00235,08/11/2025,Bobby Snyder,Tin,"6,980",4.5,314.1
TID-00236,08/11/2025,Bobby Snyder,Dispatch Fee,-50,1,-50
TID-00237,08/12/2025,Dowling Heating & Air Conditionin g,Tin,"5,160",5,258
TID-00238,08/12/2025,STS Electronic Recycling,Tin,"18,960",6,1137.6
TID-00239,08/12/2025,Dowling Heating & Air,Dispatch Fee,-50,1,-50
TID-00240,08/12/2025,The Brothers That Just,AL PAINTED SIDING,"1,700",0.38,646
TID-00241,08/12/2025,Star Buildings & Carports,Tin,"17,280",6,1036.8
TID-00242,08/13/2025,Bannister Plumbing,Tin,"5,520",5,276
TID-00243,08/13/2025,Bannister Plumbing,Dispatch Fee,-50,1,-50
TID-00244,08/13/2025,Toliver Ford,Tin,"15,140",4.5,681.3
TID-00245,08/13/2025,Joe Tex Xpress Mineola,Tin,"5,200",4.5,234
TID-00246,08/13/2025,Toliver Ford,Dispatch Fee,-50,1,-50
TID-00247,08/13/2025,Joe Tex Xpress Mineola,Dispatch Fee,-50,1,-50
TID-00248,08/13/2025,Pichy's Buildings and Carports,Tin,"9,680",6,580.8
TID-00249,08/14/2025,Gourmet Gardens,Tin,"7,760",5,388
TID-00250,08/14/2025,Gourmet Gardens,Dispatch Fee,-50,1,-50
TID-00251,08/15/2025,STS Electronic Recycling,Tin,"15,880",6,952.8
TID-00252,08/15/2025,Greenway Gutters,AL PAINTED SIDING,"1,680",0.38,638.4
TID-00253,08/15/2025,Precision Fence,WIRE/FEN CING,"11,680",0.5,58.4
TID-00254,08/15/2025,Precision Fence,Dispatch Fee,-50,1,-50
TID-00255,08/18/2025,Juan Villasenor Elite Demolition & Abatement,Tin,"125,…",6,#VALUE!
TID-00256,08/18/2025,Star Buildings & Carports,Tin,"20,320",6,1219.2
TID-00257,08/18/2025,Donna Lenhardt,Tin,"2,440",6,146.4
TID-00258,08/19/2025,STS Electronic Recycling,Tin,"19,860",6,1191.6
TID-00259,08/19/2025,Juan Villasenor Elite Demolition &,Tin,"95,872",6,5752.32
TID-00260,08/19/2025,Tejas Mex,Tin,"7,940",6,476.4
TID-00261,08/20/2025,Townley Manufactur ing,Short Iron,"21,000",7,1470
TID-00262,08/20/2025,Townley Manufactur ing,Tin,"15,500",5,775
TID-00263,08/20/2025,Townley Manufactur ing,Dispatch Fee,-50,1,-50
TID-00264,08/20/2025,Doggett John Deer,Tin,"26,100",5,1305
TID-00265,08/20/2025,Precision Fence,WIRE/FEN CING,"8,440",0.5,42.2
TID-00266,08/20/2025,Precision Fence,Dispatch Fee,-42.2,1,-42.2
TID-00267,08/20/2025,Juan Villasenor Elite Demolition & Abatement,Tin,"99,872",6,5992.32
TID-00268,08/21/2025,Jason Wink,Tin,"3,940",5,197
TID-00269,08/21/2025,RTP,Tin,"8,380",5,419
TID-00270,08/21/2025,Houston County Co-Op,Tin,"1,780",5,89
TID-00271,08/21/2025,Kellye Enterprise s,Tin,"9,680",5,484
TID-00272,08/21/2025,Casie Hawthorne,Tin,"3,900",5,195
TID-00273,08/21/2025,Houston County Co-Op,ACSR ALUMINU M COATED STEEL REINFOR CED,672,0.3,201.6
TID-00274,08/21/2025,Houston County Co-Op,ACSR NEOPREN E MIX,"1,354",0.3,406.2
TID-00275,08/21/2025,Houston County Co-Op,AL BREAKAG E >60%,100,0.05,5
TID-00276,08/21/2025,Houston County Co-Op,INSULATE D #1 COPPER 60%,199,1.5,298.5
TID-00277,08/21/2025,Jason Wink,Dispatch Fee,-50,1,-50
TID-00278,08/21/2025,RTP,Dispatch Fee,-50,1,-50
TID-00279,08/21/2025,Kellye Enterprise s,Dispatch Fee,-50,1,-50
TID-00280,08/21/2025,Casie Hawthorne,Dispatch Fee,-50,1,-50
TID-00281,08/22/2025,Townley Manufactur ing,Long Iron,"18,740",5.5,1030.7
TID-00282,08/22/2025,Cherokee County Solid Waste,Tin,"12,420",5,621
TID-00283,08/22/2025,T&O Fence,WIRE/FEN CING,"9,480",0.5,47.4
TID-00284,08/22/2025,Townley Manufactur ing,Dispatch Fee,-50,1,-50
TID-00285,08/22/2025,T&O Fence,Dispatch Fee,-47.4,1,-47.4
TID-00286,08/25/2025,STS Electronic,Tin,"27,240",6,1634.4
TID-00287,08/26/2025,Precision Garage Door Service of Northeast Texas,Tin,"4,520",6,271.2
TID-00288,08/26/2025,Precision Garage Door Service of Northeast Texas,Dispatch Fee,-50,1,-50
TID-00289,08/26/2025,Hughes Appliance,Tin,"3,640",4.5,163.8
TID-00290,08/26/2025,Hughes Appliance,Dispatch Fee,-50,1,-50
TID-00291,08/26/2025,Star Buildings & Carports,Tin,"14,940",6,896.4
TID-00292,08/27/2025,Arrington Lumber,Tin,"16,200",5,810
TID-00293,08/27/2025,Arrington Lumber,Dispatch Fee,-50,1,-50
TID-00294,08/27/2025,Rush Truck Leasing,Short Iron,"2,500",9,225
TID-00295,08/27/2025,Xtreme Metals,Tin,"12,420",6,745.2
TID-00296,08/27/2025,Rush Truck Leasing,Tin,"3,909",6,234.54
TID-00297,08/27/2025,Rush Truck Leasing,AL BREAKAG E >60%,320,0.05,16
TID-00298,08/27/2025,Rush Truck Leasing,AL RADIATO R UNCLEAN,252,0.26,65.52
TID-00299,08/27/2025,Rush Truck Leasing,ALTERNA TOR,88,0.25,22
TID-00300,08/27/2025,Rush Truck Leasing,AUTO COMPRE SSOR,131,0.08,10.48
TID-00301,08/27/2025,Aesop Auto,AUTO HARNESS WIRE,468,1.55,725.4
TID-00302,08/27/2025,Rush Truck Leasing,CLEAN ALUMINU M,160,0.42,67.2
TID-00303,08/27/2025,Rush Truck Leasing,STEEL NOSE STARTER,119,0.2,23.8
TID-00304,08/27/2025,Xtreme Metals,Dispatch Fee,-50,1,-50
TID-00305,08/27/2025,Rush Truck Leasing,Dispatch Fee,-50,1,-50
TID-00306,08/27/2025,Morton Salt,Tin,"16,480",5.5,906.4
TID-00307,08/27/2025,Brent McArthur,Tin,"4,160",5,208
TID-00308,08/27/2025,Brent McArthur,Dispatch Fee,-50,1,-50
TID-00309,08/28/2025,Lennon Constructi on,REBAR,"10,270",0.5,51.35
TID-00310,08/28/2025,Lennon Constructi on,Tin,"6,720",4.5,302.4
TID-00311,08/28/2025,Rex Dickens,Tin,"6,760",4.5,304.2
TID-00312,08/28/2025,Lennon Constructi on,Dispatch Fee,-50,1,-50
TID-00313,08/28/2025,Rex Dickens,Dispatch Fee,-75,1,-75
TID-00314,08/28/2025,Juan Villasenor Elite Demolition & Abatement,Long Iron,"16,320",5,816
TID-00315,08/28/2025,Juan Villasenor Elite Demolition & Abatement,REBAR,"61,360",5,3068
TID-00316,08/28/2025,Juan Villasenor Elite Demolition & Abatement,Tin,"41,140",5,2057
TID-00317,08/29/2025,Abel Flores,Long Iron,"30,580",5,1529
TID-00318,08/29/2025,STS Electronic Recycling,Tin,"43,460",6,2607.6
TID-00319,08/29/2025,Abel Flores,Dispatch Fee,-50,1,-50
TID-00320,08/29/2025,LSR Equipment,Short Iron,"23,300",9,2097
TID-00321,08/29/2025,Delek Companie s,Tin,"17,370",6,1042.2
TID-00322,08/29/2025,Stone Water Roofing,Tin,500,6,30
TID-00323,08/29/2025,Stone Water Roofing,AL PAINTED SIDING,"2,520",0.38,957.6
TID-00324,08/29/2025,Delek Companie s,Dispatch Fee,-50,1,-50
TID-00325,08/29/2025,Stone Water Roofing,Dispatch Fee,-50,1,-50
TID-00326,09/02/2025,Lovelady Isd,Tin,"6,200",5,310
TID-00327,09/02/2025,Lovelady Isd,Dispatch Fee,-50,1,-50
TID-00328,09/02/2025,Star Buildings & Carports,Tin,"14,180",6,850.8
TID-00329,09/02/2025,Tejas Mex,Tin,"4,680",6,280.8
TID-00330,09/02/2025,Pichy's Buildings and Carports,Tin,"6,460",6,387.6
TID-00331,09/03/2025,Overhead Door Systems,Tin,"6,680",6,400.8
TID-00332,09/03/2025,Lennon Constructi on,Long Iron,"7,380",4.5,332.1
TID-00333,09/03/2025,Joe Tex Xpress Mineola,Tin,"14,320",4.5,644.4
TID-00334,09/03/2025,Lennon Constructi on,Dispatch Fee,-50,1,-50
TID-00335,09/03/2025,Joe Tex Xpress Mineola,Dispatch Fee,-50,1,-50
TID-00336,09/03/2025,Juan Villasenor Elite,Tin,"76,260",5,3813
TID-00337,09/04/2025,Gourmet Gardens,Tin,"12,180",5,609
TID-00338,09/04/2025,STS Electronic Recycling,Tin,"28,520",6,1711.2
TID-00339,09/04/2025,Gourmet Gardens,Dispatch Fee,-50,1,-50
TID-00340,09/04/2025,Delek Companie s,Tin,"22,270",6,1336.2
TID-00341,09/04/2025,Delek Companie s,Dispatch Fee,-50,1,-50
TID-00342,09/04/2025,Tejas Carports & Roofing,Tin,"5,920",6,355.2
TID-00343,09/05/2025,Abel Flores,Long Iron,"30,220",5,1511
TID-00344,09/05/2025,Abel Flores,Dispatch Fee,-50,1,-50
TID-00345,09/05/2025,United States Postal Service,Tin,"21,320",6,1279.2
TID-00346,09/05/2025,Wood County Electric Cooperativ e Inc.,Steel Cable,"1,220",0.5,6.1
TID-00347,09/05/2025,Wood County Electric Cooperativ e Inc.,Tin,"1,860",4.5,83.7
TID-00348,09/05/2025,Wood County Electric Cooperativ e Inc.,#1 COPPER,139,3.7,514.3
TID-00349,09/05/2025,Wood County Electric Cooperativ e Inc.,ACSR ALUMINU M COATED STEEL REINFOR CED,966,0.3,289.8
TID-00350,09/05/2025,Wood County Electric Cooperativ e Inc.,ACSR NEOPREN E MIX,800,0.3,240
TID-00351,09/05/2025,Wood County Electric Cooperativ e Inc.,AL BREAKAG E >60%,398,0.05,19.9
TID-00352,09/05/2025,Wood County Electric Cooperativ e Inc.,AL NEOPREN E,746,0.3,223.8
TID-00353,09/05/2025,Wood County Electric Cooperativ e Inc.,AL W/CU URD,"3,365",0.2,673
TID-00354,09/05/2025,Wood County Electric Cooperativ e Inc.,INSULATE D #1 COPPER 60%,25,2.05,51.25
TID-00355,09/05/2025,United States Postal Service,Tin,"7,580",6,454.8
TID-00356,09/08/2025,Neckover Trailers,Dealer Clips,"23,140",6.5,1504.1
TID-00357,09/08/2025,Hangers Of Hope,Tin,"4,360",6,261.6
TID-00358,09/08/2025,Neckover Trailers,Dispatch Fee,-50,1,-50
TID-00359,09/08/2025,Hangers Of Hope,Dispatch Fee,-50,1,-50
TID-00360,09/08/2025,Southwest Metal,Tin,"12,100",4.5,544.5
TID-00361,09/08/2025,Southwest Metal,Dispatch Fee,-50,1,-50
TID-00362,09/08/2025,Juan Villasenor Elite Demolition & Abatement,REBAR,"44,740",5,2237
TID-00363,09/09/2025,Cobb Cattle Co.,WIRE/FEN CING,"2,720",0.5,13.6
TID-00364,09/09/2025,Cobb Cattle Co.,Dispatch Fee,-13.6,1,-13.6
TID-00365,09/09/2025,Star Buildings & Carports,Tin,"17,240",6,1034.4
TID-00366,09/10/2025,STS Electronic Recycling,Tin,"26,160",6,1569.6
TID-00367,09/10/2025,Benjamin Franklin Plumbing,Tin,"6,220",7,435.4
TID-00368,09/10/2025,Sparc Industries,AL SHEET,"1,894",0.55,1041.7
TID-00369,09/10/2025,Sparc Industries,AL TURNING S,"10,800",0.42,4536
TID-00370,09/10/2025,Bruners Economy Car Center,Tin,"6,520",5,326
TID-00371,09/11/2025,Bannister Plumbing,Tin,"8,740",5,437
TID-00372,09/11/2025,Cherokee County Solid Waste,Tin,"4,800",5,240
TID-00373,09/11/2025,Bannister Plumbing,Dispatch Fee,-50,1,-50
TID-00374,09/11/2025,Joe Hand,Tin,"7,000",6.5,455
TID-00375,09/11/2025,Wilders Seamless Gutters,Tin,200,6,12
TID-00376,09/11/2025,Wilders Seamless Gutters,AL PAINTED SIDING,"1,440",0.38,547.2
TID-00377,09/11/2025,Joe Hand,Dispatch Fee,-50,1,-50
TID-00378,09/11/2025,Wilders Seamless Gutters,Dispatch Fee,-50,1,-50
TID-00379,09/12/2025,Black Label Pro Diesel,Long Iron,"3,320",6,199.2
TID-00380,09/12/2025,Black Label Pro Diesel,Short Iron,500,9,45
TID-00381,09/12/2025,Leons Sign,Tin,"3,960",6,237.6
TID-00382,09/12/2025,The Brothers That Just Do Gutters,AL PAINTED SIDING,"1,740",0.38,661.2
TID-00383,09/12/2025,Black Label Pro Diesel,Dispatch Fee,-50,1,-50
TID-00384,09/12/2025,Leons Sign,Dispatch Fee,-50,1,-50
TID-00385,09/12/2025,Hughes,TIN/#2,"3,400",4.5,153
TID-00386,09/12/2025,Hughes Appliance,Dispatch Fee,-50,1,-50
TID-00387,09/15/2025,Cook Compressi on,Long Iron,"10,720",6,643.2
TID-00388,09/15/2025,Crest Process Systems,Short Iron,"36,100",9,3249
TID-00389,09/15/2025,G&R GUTTERS & GARAGE DOORS,AL PAINTED SIDING,"1,500",0.38,570
TID-00390,09/15/2025,G&R GUTTERS & GARAGE DOORS,Dispatch Fee,-50,1,-50
TID-00391,09/16/2025,STS Electronic Recycling,Tin,"34,120",6,2047.2
TID-00392,09/16/2025,T&O Fence,WIRE/FEN CING,"9,980",0.5,49.9
TID-00393,09/16/2025,T&O Fence,Dispatch Fee,-49.9,1,-49.9
TID-00394,09/16/2025,Star Buildings & Carports,Tin,"20,500",6,1230
TID-00395,09/17/2025,Pichy's Buildings and Carports,Tin,"7,920",6,475.2
TID-00396,09/18/2025,Abel Flores,Long Iron,"25,980",5,1299
TID-00397,09/18/2025,STS Electronic Recycling,Tin,"14,320",6,859.2
TID-00398,09/18/2025,Abel Flores,Dispatch Fee,-50,1,-50
TID-00399,09/18/2025,Hunter Demolition & Wrecking Corp.,P&S ,"102,…",200,#VALUE!
TID-00400,09/18/2025,"Rusk County Electric Cooperativ e., Inc",Short Iron,152,8.5,12.92
TID-00401,09/18/2025,"Rusk County Electric Cooperativ e., Inc",Steel Cable,"1,440",0.5,7.2
TID-00402,09/18/2025,"Rusk County Electric Cooperativ e., Inc",Tin,"7,800",6,468
TID-00403,09/18/2025,Southern Tire Mart,Tin,"7,000",6.5,455
TID-00404,09/18/2025,"Rusk County Electric Cooperativ e., Inc",#1 COPPER,79,3.87,305.73
TID-00405,09/18/2025,"Rusk County Electric Cooperativ e., Inc",ACSR ALUMINU M COATED STEEL REINFOR CED,781,0.3,234.3
TID-00406,09/18/2025,"Rusk County Electric Cooperativ e., Inc",ACSR NEOPREN E MIX,232,0.3,69.6
TID-00407,09/18/2025,"Rusk County Electric Cooperativ e., Inc",AL BREAKAG E >60%,291,0.05,14.55
TID-00408,09/18/2025,"Rusk County Electric Cooperativ e., Inc",AL CLIPS,40,0.36,14.4
TID-00409,09/18/2025,"Rusk County Electric Cooperativ e., Inc",AL RADIATO R UNCLEAN,7,0.26,1.82
TID-00410,09/18/2025,Southern Tire Mart,AL TRUCK WHEELS,700,0.6,420
TID-00411,09/18/2025,"Rusk County Electric Cooperativ e., Inc",BRASS UNCLEAN /DIRTY,61,0.5,30.5
TID-00412,09/18/2025,"Rusk County Electric Cooperativ e., Inc",INSULATE D #1 COPPER 60%,31,2.11,65.41
TID-00413,09/18/2025,Southern Tire Mart,Dispatch Fee,-50,1,-50
TID-00414,09/22/2025,Gourmet Gardens,Tin,"8,000",5,400
TID-00415,09/22/2025,Gourmet Gardens,Dispatch Fee,-50,1,-50
TID-00416,09/22/2025,Aesop Auto,Tin,"7,520",6.5,488.8
TID-00417,09/22/2025,Greenway Gutters,AL PAINTED SIDING,"1,180",0.38,448.4
TID-00418,09/22/2025,Greenway Gutters,Dispatch Fee,-50,1,-50
TID-00419,09/22/2025,Greenway Gutters,DRY RUN FEE,-120.…,1,#VALUE!
TID-00420,09/23/2025,STS Electronic Recycling,Tin,"33,040",6,1982.4
TID-00421,09/23/2025,Xtreme Metals,Tin,"11,160",6,669.6
TID-00422,09/23/2025,Xtreme Metals,Dispatch Fee,-50,1,-50
TID-00423,09/23/2025,Hughes Appliance,Tin,"3,080",4.5,138.6
TID-00424,09/23/2025,Precision Fence,WIRE/FEN CING,"15,760",0.5,78.8
TID-00425,09/23/2025,Precision Fence,Dispatch Fee,-50,1,-50
TID-00426,09/23/2025,Hughes Appliance,Dispatch Fee,-50,1,-50
TID-00427,09/23/2025,Star Buildings & Carports,Tin,"22,820",6,1369.2
TID-00428,09/24/2025,Benjamin Franklin Plumbing,Tin,"10,760",6,645.6
TID-00429,09/24/2025,Kellye Enterprise s,Tin,"6,040",5,302
TID-00430,09/24/2025,Kellye Enterprise s,Dispatch Fee,-50,1,-50
TID-00431,09/25/2025,Jasper Ventures Inc,Long Iron,"16,960",240,40704
TID-00432,09/25/2025,Jasper Ventures Inc,Short Iron,"16,080",260,41808
TID-00433,09/25/2025,"Rusk County Electric Cooperativ e., Inc",Tin,"2,564",6,153.84
TID-00434,09/25/2025,Hangers Of Hope,Tin,"3,580",6,214.8
TID-00435,09/25/2025,Keith Hodges Collision,Tin,"3,460",6,207.6
TID-00436,09/25/2025,"Rusk County Electric Cooperativ e., Inc",WIRE/FEN CING,"1,180",0.5,5.9
TID-00437,09/25/2025,Rusk County Electric,#1 COPPER,144,4.12,593.28
TID-00438,09/25/2025,"Rusk County Electric Cooperativ e., Inc",ACSR NEOPREN E MIX,"2,047",0.3,614.1
TID-00439,09/25/2025,"Rusk County Electric Cooperativ e., Inc",AL BREAKAG E >60%,797,0.07,55.79
TID-00440,09/25/2025,"Rusk County Electric Cooperativ e., Inc",AL CLIPS,14,0.4,5.6
TID-00441,09/25/2025,"Rusk County Electric Cooperativ e., Inc",AL NEOPREN E,752,0.3,225.6
TID-00442,09/25/2025,"Rusk County Electric Cooperativ e., Inc",AL W/CU URD,216,0.25,54
TID-00443,09/25/2025,"Rusk County Electric Cooperativ e., Inc",BRASS UNCLEAN /DIRTY,388,0.55,213.4
TID-00444,09/25/2025,"Rusk County Electric Cooperativ e., Inc",INSULATE D #1 COPPER 60%,68,2.25,153
TID-00445,09/25/2025,Hangers Of Hope,Dispatch Fee,-50,1,-50
TID-00446,09/25/2025,Keith Hodges Collision,Dispatch Fee,-50,1,-50
TID-00447,09/25/2025,Jasper Ventures Inc,SPLIT 50/50,"-2,06…",1,#VALUE!
TID-00448,09/25/2025,Tejas Mex,Tin,"8,760",6,525.6
TID-00449,09/25/2025,Tejas Carports & Roofing,Tin,"5,140",6,308.4
TID-00450,09/26/2025,Cherokee County Solid,Tin,"7,480",5,374
TID-00451,09/26/2025,Four Seasons Containers,Tin,"44,340",6,2660.4
TID-00452,09/26/2025,Four Seasons Containers,Dispatch Fee,-50,1,-50
TID-00453,09/26/2025,Hughes Appliance,Tin,"3,320",4.5,149.4
TID-00454,09/26/2025,Stephanie Bathe,Tin,"7,240",4.5,325.8
TID-00455,09/26/2025,Hughes Appliance,Dispatch Fee,-50,1,-50
TID-00456,09/26/2025,Stephanie Bathe,Dispatch Fee,-50,1,-50
TID-00457,09/29/2025,STS Electronic Recycling,Tin,"26,760",6,1605.6
TID-00458,09/29/2025,Joe Hand,Tin,"7,400",6,444
TID-00459,09/29/2025,Joe Hand,Dispatch Fee,-50,1,-50
TID-00460,09/29/2025,City of Big Sandy,Tin,"7,320",4.5,329.4
TID-00461,09/29/2025,Morton Salt,Tin,"13,140",5.5,722.7
TID-00462,09/29/2025,John Hampson,Tin,600,4.5,27
TID-00463,09/29/2025,Drive On Manufactur ing,AL 6063 CLEAN,232,1.14,264.48
TID-00464,09/29/2025,Drive On Manufactur ing,AL 6063 PAINTED,"6,623",1.05,6954.15
TID-00465,09/29/2025,City of Big Sandy,Dispatch Fee,-50,1,-50
TID-00466,09/29/2025,John Hampson,Dispatch Fee,-27,1,-27
TID-00467,09/29/2025,Houston County Co-Op,Tin,"1,180",5,59
TID-00468,09/29/2025,Houston County Co-Op,2-1 COPPER,"1,316",1.55,2039.8
TID-00469,09/29/2025,Houston County Co-Op,ACSR ALUMINU M COATED STEEL REINFOR CED,"3,851",0.3,1155.3
TID-00470,09/29/2025,Houston County Co-Op,ACSR NEOPREN E MIX,"1,134",0.3,340.2
TID-00471,09/29/2025,Houston County Co-Op,AL BREAKAG E >60%,140,0.07,9.8
TID-00472,09/29/2025,Houston County Co-Op,AL W/CU URD,915,0.2,183
TID-00473,09/30/2025,Hunter Demolition & Wrecking Corp.,P&S ,"23,920",200,47840
TID-00474,09/30/2025,Felicia Wray,Short Iron,"8,540",8.5,725.9
TID-00475,09/30/2025,Benjamin Franklin Plumbing,Tin,"6,940",6,416.4
TID-00476,09/30/2025,Stone Water Roofing,AL PAINTED SIDING,"1,620",0.38,615.6
TID-00477,09/30/2025,Felicia Wray,Dispatch Fee,-50,1,-50
TID-00478,09/30/2025,Stone Water Roofing,Dispatch Fee,-50,1,-50
TID-00479,09/30/2025,Star Buildings & Carports,Tin,"24,580",6,1474.8
TID-00480,10/01/2025,Dowling Heating & Air Conditionin g,Tin,"5,020",5,251
TID-00481,10/01/2025,Dowling Heating &,Dispatch Fee,-50,1,-50
TID-00482,10/01/2025,Daystar Electric,Tin,"9,900",6,594
TID-00483,10/01/2025,Daystar Electric,Dispatch Fee,-50,1,-50
TID-00484,10/01/2025,Lucas Roofing,Tin,"2,860",5,143
TID-00485,10/01/2025,Lucas Roofing,Dispatch Fee,-50,1,-50
TID-00486,10/02/2025,STS Electronic Recycling,Tin,"14,440",6,866.4
TID-00487,10/02/2025,Gourmet Gardens,Tin,"4,580",5,229
TID-00488,10/02/2025,Gourmet Gardens,Dispatch Fee,-50,1,-50
TID-00489,10/02/2025,Robertson Mechanica l Contractor s Lic,Tin,"19,920",6,1195.2
TID-00490,10/02/2025,Four Seasons Containers,Tin,"21,580",6,1294.8
TID-00491,10/02/2025,Robertson Mechanica l Contractor s Llc,Dispatch Fee,-50,1,-50
TID-00492,10/02/2025,Four Seasons Containers,Dispatch Fee,-50,1,-50
TID-00493,10/03/2025,Joseph Cotten,Tin,"5,040",6,302.4
TID-00494,10/03/2025,Joseph Cotten,Dispatch Fee,-50,1,-50
TID-00495,10/03/2025,Lennon Constructi on,REBAR,"12,300",0.5,61.5
TID-00496,10/03/2025,Hughes Appliance,Tin,"3,320",4.5,149.4
TID-00497,10/03/2025,Lennon Constructi on,Dispatch Fee,-50,1,-50
TID-00498,10/03/2025,Hughes Appliance,Dispatch Fee,-50,1,-50
TID-00499,10/03/2025,Pichy's Buildings and Carports,Tin,"6,600",6,396
TID-00500,10/03/2025,American Timber & Steel,Tin,"9,320",6,559.2
TID-00501,10/06/2025,Delek Companie s,Long Iron,"12,560",6,753.6
TID-00502,10/06/2025,Hunter Demolition & Wrecking Corp.,Short Iron,"9,160",200,18320
TID-00503,10/06/2025,Four Seasons Containers,Tin,"20,580",6,1234.8
TID-00504,10/06/2025,G&R GUTTERS & GARAGE DOORS,AL PAINTED SIDING,"1,290",0.38,490.2
TID-00505,10/06/2025,G&R GUTTERS & GARAGE DOORS,Dispatch Fee,-50,1,-50
TID-00506,10/06/2025,Delek Companie s,Dispatch Fee,-50,1,-50
TID-00507,10/06/2025,Four Seasons Containers,Dispatch Fee,-50,1,-50
TID-00508,10/07/2025,Star Buildings & Carports,Tin,"23,260",6,1395.6
TID-00509,10/07/2025,Tejas Mex,Tin,"9,780",6,586.8
TID-00510,10/08/2025,STS Electronic Recycling,Tin,"26,320",6,1579.2
TID-00511,10/08/2025,Jasper Ventures Inc,Long Iron,"9,200",215,19780
TID-00512,10/08/2025,Jasper Ventures Inc,STAINLES S CLEAN,"5,640",0.42,2368.8
TID-00513,10/08/2025,Jasper Ventures Inc,SPLIT 50/50,"-1,67…",1,#VALUE!
TID-00514,10/09/2025,Aarons Rent to Own,Tin,320,5,16
TID-00515,10/09/2025,Aarons Rent to Own,Dispatch Fee,-16,1,-16
TID-00516,10/10/2025,Hughes Appliance,Tin,"3,980",4.5,179.1
TID-00517,10/10/2025,Hughes Appliance,Dispatch Fee,-50,1,-50
TID-00518,10/10/2025,RTP,Tin,"10,900",5,545
TID-00519,10/10/2025,RTP,Dispatch Fee,-50,1,-50
TID-00520,10/14/2025,T&O Fence,Tin,"12,280",5,614
TID-00521,10/14/2025,STS Electronic Recycling,Tin,"28,820",6,1729.2
TID-00522,10/14/2025,T&O Fence,WIRE/FEN CING,"3,000",0.5,15
TID-00523,10/14/2025,T&O Fence,Dispatch Fee,-50,1,-50
TID-00524,10/14/2025,Ross Mills,Tin,"7,740",6,464.4
TID-00525,10/14/2025,Ross Mills,Dispatch Fee,-50,1,-50
TID-00526,10/14/2025,Becker Iron & Metal,DRY RUN FEE,-125.…,1,#VALUE!
TID-00527,10/14/2025,Star Buildings & Carports,Tin,"29,100",5.5,1600.5
TID-00528,10/15/2025,Hangers Of Hope,Tin,"2,060",6,123.6
TID-00529,10/15/2025,Lennon Constructi on,REBAR,"17,660",0.5,88.3
TID-00530,10/15/2025,Hughes Appliance,Tin,"3,660",4.5,164.7
TID-00531,10/15/2025,Lennon Constructi on,Dispatch Fee,-50,1,-50
TID-00532,10/15/2025,Hughes,DISPATCH,-50,1,-50
TID-00533,10/16/2025,Cherokee County Solid Waste,Tin,"11,060",5.5,608.3
TID-00534,10/16/2025,Bannister Plumbing,Tin,"7,100",4.5,319.5
TID-00535,10/16/2025,Bannister Plumbing,Dispatch Fee,-50,1,-50
TID-00536,10/16/2025,Hall Truck Center,Short Iron,"2,220",8.5,188.7
TID-00537,10/16/2025,Hall Truck Center,Tin,"9,545",6,572.7
TID-00538,10/16/2025,Hall Truck Center,AL RADIATO R UNCLEAN,275,0.23,63.25
TID-00539,10/16/2025,Kathy Hawks,Tin,"4,947",5.5,272.085
TID-00540,10/17/2025,STS Electronic Recycling,Tin,"19,460",5.5,1070.3
TID-00541,10/17/2025,Gourmet Gardens,Tin,"7,420",4.5,333.9
TID-00542,10/17/2025,Gourmet Gardens,Dispatch Fee,-50,1,-50
TID-00543,10/17/2025,Jasper Ventures Inc,Long Iron,"8,740",215,18791
TID-00544,10/17/2025,Jasper Ventures Inc,Tin,"2,300",215,4945
TID-00545,10/17/2025,Jasper Ventures Inc,SPLIT 50/50,-593.…,1,#VALUE!
TID-00546,10/17/2025,Tejas Mex,Tin,"9,320",5.5,512.6
TID-00547,10/17/2025,Pichy's Buildings and Carports,Tin,"4,780",5.5,262.9
TID-00548,10/20/2025,Shannon Sullivan,Tin,"3,340",5,167
TID-00549,10/20/2025,Jordan Westerfield,Tin,"7,480",5,374
TID-00550,10/20/2025,Don Hamilton,Tin,"2,940",5,147
TID-00551,10/20/2025,Shannon Sullivan,Dispatch Fee,-50,1,-50
TID-00552,10/20/2025,Jordan Westerfield,Dispatch Fee,-50,1,-50
TID-00553,10/20/2025,Don Hamilton,Dispatch Fee,-75,1,-75
TID-00554,10/21/2025,Neckover Trailers,Dealer Clips,"25,880",6.5,1682.2
TID-00555,10/21/2025,Fritcher Constructi on,Tin,"21,160",6.5,1375.4
TID-00556,10/21/2025,Precision Garage Door Service of Northeast Texas,Tin,"4,280",6,256.8
TID-00557,10/21/2025,Fritcher Constructi on,Dispatch Fee,-50,1,-50
TID-00558,10/21/2025,Precision Garage Door Service of Northeast Texas,Dispatch Fee,-50,1,-50
TID-00559,10/21/2025,Neckover Trailers,Dispatch Fee,-50,1,-50
TID-00560,10/21/2025,Hughes Appliance,Tin,"3,420",4.5,153.9
TID-00561,10/21/2025,Hughes Appliance,Dispatch Fee,-50,1,-50
TID-00562,10/21/2025,Tejas Carports & Roofing,Tin,"6,180",5.5,339.9
TID-00563,10/21/2025,Star Buildings & Carports,Tin,"21,500",5.5,1182.5
TID-00564,10/22/2025,Midwest Truck & Trailer Maintenan ce,Short Iron,"9,820",8.5,834.7
TID-00565,10/22/2025,Aesop Auto,Tin,"7,300",7,511
TID-00566,10/22/2025,Doggett John Deer,Tin,"2,760",6,165.6
TID-00567,10/22/2025,Asco Equipment,Tin,"8,420",6,505.2
TID-00568,10/22/2025,Asco Equipment,Dispatch Fee,-50,1,-50
TID-00569,10/22/2025,Midwest Truck & Trailer Maintenan,Dispatch Fee,-50,1,-50
TID-00570,10/22/2025,ASAP INDUSTRI ES LLC,STEEL TURNING S,"10,100",2,202
TID-00571,10/22/2025,WC Tractor,Tin,"10,440",5,522
TID-00572,10/22/2025,ASAP INDUSTRI ES LLC,Dispatch Fee,-50,1,-50
TID-00573,10/22/2025,WC Tractor,Dispatch Fee,-50,1,-50
TID-00574,10/22/2025,Bo Ervin,Tin,"8,740",5.5,480.7
TID-00575,10/23/2025,STS Electronic Recycling,Tin,"26,380",6,1582.8
TID-00576,10/23/2025,Bennett McKenzie,Tin,"4,060",6,243.6
TID-00577,10/23/2025,Eagle Business Machines,Tin,"5,220",6,313.2
TID-00578,10/23/2025,Bennett McKenzie,Dispatch Fee,-50,1,-50
TID-00579,10/23/2025,Eagle Business Machines,Dispatch Fee,-50,1,-50
TID-00580,10/24/2025,Classic Collision North Jackson,Tin,"2,060",4.5,92.7
TID-00581,10/24/2025,Classic Collision North Jackson,Dispatch Fee,-50,1,-50
TID-00582,10/24/2025,Stone Water Roofing,Tin,"1,960",6,117.6
TID-00583,10/24/2025,Michael Robertson,Tin,"4,420",6,265.2
TID-00584,10/24/2025,Tailored Foam,Tin,"1,880",6,112.8
TID-00585,10/24/2025,The Brothers That Just Do Gutters,Tin,300,6,18
TID-00586,10/24/2025,The Brothers That Just Do Gutters,AL PAINTED SIDING,"1,460",0.38,554.8
TID-00587,10/24/2025,Stone Water Roofing,Dispatch Fee,-50,1,-50
TID-00588,10/24/2025,Michael Robertson,Dispatch Fee,-75,1,-75
TID-00589,10/24/2025,Tailored Foam,Dispatch Fee,-50,1,-50
TID-00590,10/27/2025,Rex Dickens,Tin,"5,660",4.5,254.7
TID-00591,10/27/2025,Morton Salt,Tin,"17,100",5.5,940.5
TID-00592,10/27/2025,Rex Dickens,Dispatch Fee,-50,1,-50
TID-00593,10/28/2025,STS Electronic Recycling,Tin,"33,380",6,2002.8
TID-00594,10/28/2025,Hex 6,Short Iron,"2,680",9,241.2
TID-00595,10/28/2025,"Rusk County Electric Cooperativ e., Inc",Tin,"3,920",6,235.2
TID-00596,10/28/2025,Xtreme Metals,Tin,"8,240",6,494.4
TID-00597,10/28/2025,Hex 6,Tin,"4,107",6.5,266.955
TID-00598,10/28/2025,"Rusk County Electric Cooperativ e., Inc",WIRE/FEN CING,"1,260",0.5,6.3
TID-00599,10/28/2025,"Rusk County Electric Cooperativ e., Inc",#1 COPPER,93,4.25,395.25
TID-00600,10/28/2025,"Rusk County Electric Cooperativ e., Inc",ACSR ALUMINU M COATED STEEL REINFOR CED,"1,238",0.3,371.4
TID-00601,10/28/2025,"Rusk County Electric Cooperativ e., Inc",ACSR NEOPREN E MIX,168,0.3,50.4
TID-00602,10/28/2025,Leons Sign,AL 5052,"2,600",0.9,2340
TID-00603,10/28/2025,"Rusk County Electric Cooperativ e., Inc",AL BREAKAG E >60%,9,0.05,0.45
TID-00604,10/28/2025,"Rusk County Electric Cooperativ e., Inc",AL CLIPS,73,0.45,32.85
TID-00605,10/28/2025,"Rusk County Electric Cooperativ e., Inc",AL EC WIRE,518,1.35,699.3
TID-00606,10/28/2025,"Rusk County Electric Cooperativ e., Inc",AL NEOPREN E,44,0.3,13.2
TID-00607,10/28/2025,Wilders,AL,"1,600",0.38,608
TID-00608,10/28/2025,Hex 6,AL RADIATO R UNCLEAN,21,0.25,5.25
TID-00609,10/28/2025,Hex 6,AUTO COMPRE SSOR,57,0.08,4.56
TID-00610,10/28/2025,"Rusk County Electric Cooperativ e., Inc",BRASS UNCLEAN /DIRTY,92,0.75,69
TID-00611,10/28/2025,Hex 6,COPPER/ BRASS RADIATO R UNCLEAN,35,1.62,56.7
TID-00612,10/28/2025,"Rusk County Electric Cooperativ e., Inc",INSULATE D #1 COPPER 60%,25,2.08,52
TID-00613,10/28/2025,Leons Sign,Dispatch Fee,-50,1,-50
TID-00614,10/28/2025,Xtreme Metals,Dispatch Fee,-50,1,-50
TID-00615,10/28/2025,Wilders Seamless Gutters,Dispatch Fee,-50,1,-50
TID-00616,10/28/2025,Wood County Electric Cooperativ e Inc.,Steel Cable,"1,660",0.5,8.3
TID-00617,10/28/2025,Wood County Electric Cooperativ e Inc.,Tin,"2,618",4.5,117.81
TID-00618,10/28/2025,Wood County Electric Cooperativ e Inc.,#1 COPPER,306,4.15,1269.9
TID-00619,10/28/2025,Wood County Electric Cooperativ,ACSR ALUMINU M COATED,"5,622",0.3,1686.6
TID-00620,10/28/2025,Wood County Electric Cooperativ e Inc.,ACSR NEOPREN E MIX,893,0.3,267.9
TID-00621,10/28/2025,Wood County Electric Cooperativ e Inc.,AL BREAKAG E >60%,265,0.05,13.25
TID-00622,10/28/2025,Wood County Electric Cooperativ e Inc.,AL CLIPS,13,0.4,5.2
TID-00623,10/28/2025,Wood County Electric,AL NEOPREN E,642,0.3,192.6
TID-00624,10/28/2025,Wood County Electric Cooperativ e Inc.,AL RADIATO R UNCLEAN,37,0.23,8.51
TID-00625,10/28/2025,Wood County Electric Cooperativ e Inc.,AL W/CU URD,"1,302",0.25,325.5
TID-00626,10/28/2025,Wood County Electric Cooperativ e Inc.,BRASS UNCLEAN /DIRTY,42,0.6,25.2
TID-00627,10/28/2025,Wood County Electric Cooperativ e Inc.,INSULATE D #1 COPPER 60%,76,2.15,163.4
TID-00628,10/28/2025,Star Buildings & Carports,Tin,"21,600",5.5,1188
TID-00629,10/28/2025,Pichy's Buildings and Carports,Tin,"6,020",5.5,331.1
TID-00630,10/29/2025,Benjamin Franklin Plumbing,Tin,"4,740",6,284.4
TID-00631,10/29/2025,Impressive Image Works,Tin,"7,140",6,428.4
TID-00632,10/29/2025,Impressive Image Works,Dispatch Fee,-50,1,-50
TID-00633,10/29/2025,Lennon Constructi on,REBAR,"12,140",0.5,60.7
TID-00634,10/29/2025,Jody Whitworth,Tin,"4,880",4.5,219.6
TID-00635,10/29/2025,Southwest Metal,Tin,"12,860",4.5,578.7
TID-00636,10/29/2025,Lennon Constructi on,Dispatch Fee,-50,1,-50
TID-00637,10/29/2025,Jody Whitworth,Dispatch Fee,-50,1,-50
TID-00638,10/29/2025,Southwest Metal,Dispatch Fee,-50,1,-50
TID-00639,10/30/2025,STS Electronic Recycling,Tin,"15,020",6,901.2
TID-00640,10/30/2025,Cherokee County Solid Waste,Tin,"5,400",4.5,243
TID-00641,10/30/2025,Arrington Lumber,Tin,"15,000",4.5,675
TID-00642,10/30/2025,Arrington Lumber,Dispatch Fee,-50,1,-50
TID-00643,10/30/2025,Four Seasons Containers,Tin,"3,020",6,181.2
TID-00644,10/30/2025,Stone Water Roofing,AL PAINTED SIDING,"1,860",0.5,930
TID-00645,10/30/2025,Stone Water Roofing,Dispatch Fee,-50,1,-50
TID-00646,10/30/2025,Four Seasons Containers,Dispatch Fee,-50,1,-50
TID-00647,10/30/2025,Pinnacle Gas Treating,Long Iron,"17,960",5,898
TID-00648,10/30/2025,Pinnacle Gas Treating,Dispatch Fee,-50,1,-50
TID-00649,10/31/2025,Arrington Lumber,Tin,"8,400",4.5,378
TID-00650,10/31/2025,Arrington Lumber,Dispatch Fee,-50,1,-50
TID-00651,10/31/2025,Fritcher Constructi on,Short Iron,"3,000",9,270
TID-00652,10/31/2025,Fritcher Constructi on,Tin,"9,020",6.5,586.3
TID-00653,10/31/2025,Four Seasons Containers,Tin,"2,980",6,178.8
TID-00654,10/31/2025,Fritcher Constructi on,Dispatch Fee,-50,1,-50
TID-00655,10/31/2025,Four Seasons Containers,Dispatch Fee,-50,1,-50
TID-00656,10/31/2025,Drive On Manufactur ing,AL 6063 CLEAN,681,1.15,783.15
TID-00657,10/31/2025,Drive On Manufactur ing,AL 6063 PAINTED,"1,929",1.07,2064.03
TID-00658,10/31/2025,Drive On Manufactur ing,THERMAL EXTRUSI ON,56,0.5,28
TID-00659,11/03/2025,STS Electronic Recycling,Tin,"29,120",6,1747.2
TID-00660,11/03/2025,Gourmet Gardens,Tin,"9,320",4.5,419.4
TID-00661,11/03/2025,Gourmet Gardens,Dispatch Fee,-50,1,-50
TID-00662,11/04/2025,T&O Fence,Tin,"11,610",4.5,522.45
TID-00663,11/04/2025,T&O Fence,WIRE/FEN CING,"3,270",0.5,16.35
TID-00664,11/04/2025,T&O Fence,Dispatch Fee,-50,1,-50
TID-00665,11/04/2025,Star Buildings & Carports,Tin,"21,720",5.5,1194.6
TID-00666,11/05/2025,Bannister Plumbing,Tin,"6,460",4.5,290.7
TID-00667,11/05/2025,Bannister Plumbing,Dispatch Fee,-50,1,-50
TID-00668,11/05/2025,Byrider,Short Iron,"3,000",8.5,255
TID-00669,11/05/2025,Byrider,Tin,"6,522",6,391.32
TID-00670,11/05/2025,Byrider,AL RADIATO R UNCLEAN,32,0.25,8
TID-00671,11/05/2025,Byrider,AL/CU REEFER UNCLEAN,6,1.83,10.98
TID-00672,11/05/2025,Byrider,Dispatch Fee,-50,1,-50
TID-00673,11/05/2025,Lennon Constructi on,Long Iron,700,4.5,31.5
TID-00674,11/05/2025,Lennon Constructi on,REBAR,"12,340",0.5,61.7
TID-00675,11/05/2025,Hughes Appliance,Tin,"3,240",4.5,145.8
TID-00676,11/05/2025,Lennon Constructi on,Dispatch Fee,-50,1,-50
TID-00677,11/05/2025,Hughes Appliance,Dispatch Fee,-50,1,-50
TID-00678,11/06/2025,Joe Tex Xpress Mineola,Long Iron,"2,960",6,177.6
TID-00679,11/06/2025,Tyler Overhead Door,Tin,"3,760",6,225.6
TID-00680,11/06/2025,Lamar Advertising,Tin,"17,900",6,1074
TID-00681,11/06/2025,Joe Tex Xpress Mineola,AL CLIPS,"5,920",0.3,1776
TID-00682,11/06/2025,Lamar Advertising,Dispatch Fee,-50,1,-50
TID-00683,11/06/2025,Tejas Mex,Tin,"10,220",5.5,562.1
TID-00684,11/07/2025,Arrington Lumber,Tin,"10,780",4.5,485.1
TID-00685,11/07/2025,Arrington Lumber,Dispatch Fee,-50,1,-50
TID-00686,11/07/2025,Dakota Fuller,Tin,"6,980",4.5,314.1
TID-00687,11/07/2025,Dakota Fuller,Dispatch Fee,-50,1,-50
TID-00688,11/10/2025,STS Electronic Recycling,Tin,"27,000",6,1620
TID-00689,11/10/2025,Rush Truck Center,Short Iron,"8,660",8.5,736.1
TID-00690,11/10/2025,Rush Truck,Tin,"16,143",6,968.58
TID-00691,11/10/2025,Rush Truck Center,AL 5052,157,0.6,94.2
TID-00692,11/10/2025,Rush Truck Center,AL RADIATO R UNCLEAN,900,0.25,225
TID-00693,11/10/2025,Rush Truck Center,Dispatch Fee,-50,1,-50
TID-00694,11/10/2025,Houston County Co-Op,Tin,980,5,49
TID-00695,11/10/2025,Houston County Co-Op,2-1 COPPER,101,1.85,186.85
TID-00696,11/10/2025,Houston County Co-Op,ACSR ALUMINU M COATED STEEL REINFOR CED,729,0.6,437.4
TID-00697,11/10/2025,Houston County Co-Op,ACSR NEOPREN E MIX,"1,830",0.6,1098
TID-00698,11/10/2025,Houston County Co-Op,AL BREAKAG E >60%,220,0.08,17.6
TID-00699,11/10/2025,Houston County Co-Op,AL W/CU URD,243,0.25,60.75
TID-00700,11/10/2025,Tejas Carports & Roofing,Tin,"7,200",5.5,396
TID-00701,11/10/2025,Pichy's Buildings and Carports,Tin,"6,060",5.5,333.3
TID-00702,11/10/2025,Star Buildings & Carports,Tin,"17,760",5.5,976.8
TID-00703,11/11/2025,Michael Robertson,Tin,"7,260",6,435.6
TID-00704,11/11/2025,Michael Robertson,Dispatch Fee,-75,1,-75
TID-00705,11/11/2025,Jody Whitworth,Tin,"5,640",4.5,253.8
TID-00706,11/11/2025,Jody Whitworth,Dispatch Fee,-50,1,-50
TID-00707,11/12/2025,Arrington Lumber,Tin,"9,220",4.5,414.9
TID-00708,11/12/2025,Arrington Lumber,Dispatch Fee,-50,1,-50
TID-00709,11/12/2025,Four Seasons Containers,Tin,"3,200",6,192
TID-00710,11/12/2025,Overhead Door Systems,Tin,"6,240",6,374.4
TID-00711,11/12/2025,Hangers Of Hope,Tin,"3,000",6,180
TID-00712,11/12/2025,Greenway Gutters,AL PAINTED SIDING,"1,760",0.5,880
TID-00713,11/12/2025,Four Seasons Containers,Dispatch Fee,-50,1,-50
TID-00714,11/12/2025,Greenway Gutters,Dispatch Fee,-50,1,-50
TID-00715,11/12/2025,Hangers Of Hope,Dispatch Fee,-50,1,-50
TID-00716,11/12/2025,Lennon Constructi on,Tin,"7,560",4.5,340.2
TID-00717,11/12/2025,Lennon Constructi on,Dispatch Fee,-50,1,-50
TID-00718,11/13/2025,STS Electronic Recycling,Tin,"18,980",6,1138.8
TID-00719,11/13/2025,Dowling Heating & Air Conditionin g,Tin,"5,240",4.5,235.8
TID-00720,11/13/2025,Dowling Heating & Air Conditionin g,Dispatch Fee,-50,1,-50
TID-00721,11/13/2025,Bennett McKenzie,Tin,"6,400",6,384
TID-00722,11/13/2025,Bennett McKenzie,Dispatch Fee,-50,1,-50
TID-00723,11/13/2025,City Of Alba,Tin,"4,060",4.5,182.7
TID-00724,11/14/2025,Arrington Lumber,Tin,"11,200",4.5,504
TID-00725,11/14/2025,Bannister Plumbing,Tin,"6,080",4.5,273.6
TID-00726,11/14/2025,Arrington Lumber,Dispatch Fee,-50,1,-50
TID-00727,11/14/2025,Bannister Plumbing,Dispatch Fee,-50,1,-50
TID-00728,11/14/2025,Stone Water Roofing,Tin,"2,403",6,144.18
TID-00729,11/14/2025,Stone Water Roofing,AL PAINTED SIDING,"1,020",0.48,489.6
TID-00730,11/14/2025,Stone Water Roofing,Dispatch Fee,-50,1,-50
TID-00731,11/14/2025,Hughes Appliance,Tin,"3,420",4.5,153.9
TID-00732,11/14/2025,Hughes Appliance,Dispatch Fee,-50,1,-50
TID-00733,11/17/2025,Trinity Isd,Tin,"5,380",5,269
TID-00734,11/17/2025,Trinity Isd,Dispatch Fee,-50,1,-50
TID-00735,11/17/2025,Wells ISD,Tin,"4,460",5.5,245.3
TID-00736,11/18/2025,STS Electronic Recycling,Tin,"24,980",6,1498.8
TID-00737,11/18/2025,Sam Moore,Tin,"11,560",4.5,520.2
TID-00738,11/18/2025,Sam Moore,Dispatch Fee,-50,1,-50
TID-00739,11/19/2025,Astro Machine & Tool Works,Long Iron,"9,975",6.75,673.3125
TID-00740,11/19/2025,Southern Tire Mart,Long Iron,"8,480",6.5,551.2
TID-00741,11/19/2025,Aesop Auto,Tin,"8,120",7,568.4
TID-00742,11/19/2025,Delek Companie s,Tin,"26,540",6.5,1725.1
TID-00743,11/19/2025,The Brothers That Just Do Gutters,Tin,240,6,14.4
TID-00744,11/19/2025,Astro Machine & Tool Works,#1 COPPER,102,4.29,437.58
TID-00745,11/19/2025,The Brothers That Just Do Gutters,AL PAINTED SIDING,"1,520",0.48,729.6
TID-00746,11/19/2025,Aesop Auto,AL RADIATO R UNCLEAN,"3,160",0.3,948
TID-00747,11/19/2025,Southern Tire Mart,AL TRUCK WHEELS,780,0.7,546
TID-00748,11/19/2025,Astro Machine & Tool Works,ELECTRIC MOTOR #1,443,0.3,132.9
TID-00749,11/19/2025,Delek Companie s,Dispatch Fee,-50,1,-50
TID-00750,11/19/2025,Southern Tire Mart,Dispatch Fee,-50,1,-50
TID-00751,11/19/2025,Star Buildings & Carports,Tin,"25,940",6,1556.4
TID-00752,11/20/2025,Gourmet Gardens,Tin,"8,080",4.5,363.6
TID-00753,11/20/2025,Gourmet Gardens,Dispatch Fee,-50,1,-50
TID-00754,11/20/2025,Pinnacle Gas Treating,Long Iron,"23,160",5,1158
TID-00755,11/20/2025,Pinnacle Gas Treating,Dispatch Fee,-50,1,-50
TID-00756,11/21/2025,Abel Flores,Long Iron,"19,100",4.5,859.5
TID-00757,11/21/2025,Abel Flores,Dispatch Fee,-50,1,-50
TID-00758,11/21/2025,Becker Iron & Metal,Tin,"4,420",6,265.2
TID-00759,11/21/2025,Benjamin Franklin Plumbing,Tin,"5,920",6,355.2
TID-00760,11/21/2025,Becker Iron & Metal,Dispatch Fee,-50,1,-50
TID-00761,11/21/2025,Precision Fence,Tin,"4,200",4.5,189
TID-00762,11/21/2025,Dualfab,Tin,"11,320",4.5,509.4
TID-00763,11/21/2025,Precision Fence,WIRE/FEN CING,"4,200",0.5,21
TID-00764,11/21/2025,Precision Fence,Dispatch Fee,-50,1,-50
TID-00765,11/21/2025,Dualfab,Dispatch Fee,-50,1,-50
TID-00766,11/24/2025,Cherokee County Solid Waste,Tin,"9,300",4.5,418.5
TID-00767,11/24/2025,STS Electronic Recycling,Tin,"24,700",6,1482
TID-00768,11/24/2025,Grace Communit y Schools/C hurch,Tin,"6,360",7,445.2
TID-00769,11/24/2025,Allstar Ford,Tin,"5,780",6,346.8
TID-00770,11/24/2025,Allstar,DISPATCH,-50,1,-50
TID-00771,11/24/2025,1 WAY DIESEL PERFORM ANCE,Tin,"9,300",6,558
TID-00772,11/24/2025,Tejas Mex,TIN/#2 LIG...,,1,0
TID-00773,11/25/2025,Bannister Plumbing,Tin,"5,120",4.5,230.4
TID-00774,11/25/2025,Bannister Plumbing,Dispatch Fee,-50,1,-50
TID-00775,11/26/2025,Xtreme Metals,Tin,"10,120",6,607.2
TID-00776,11/26/2025,Wilders Seamless Gutters,AL PAINTED SIDING,"2,180",0.48,1046.4
TID-00777,11/26/2025,Xtreme Metals,Dispatch Fee,-50,1,-50
TID-00778,11/26/2025,Wilders Seamless Gutters,Dispatch Fee,-50,1,-50
TID-00779,11/26/2025,Artistic Renovatio ns,Tin,"7,900",4.5,355.5
TID-00780,11/26/2025,Artistic Renovatio ns,Dispatch Fee,-50,1,-50
TID-00781,12/01/2025,STS Electronic Recycling,Tin,"19,780",5.5,1087.9
TID-00782,12/01/2025,Wilders Seamless Gutters,AL PAINTED SIDING,"1,700",0.48,816
TID-00783,12/01/2025,Wilders Seamless Gutters,Dispatch Fee,-50,1,-50
TID-00784,12/03/2025,Tyler Sheet Metal,Tin,"6,020",6,361.2
TID-00785,12/03/2025,Hangers Of Hope,Tin,"3,320",6,199.2
TID-00786,12/03/2025,Hangers Of Hope,Dispatch Fee,-50,1,-50
TID-00787,12/03/2025,Southwest Metal,Tin,"7,120",4.5,320.4
TID-00788,12/03/2025,Southwest Metal,Dispatch Fee,-50,1,-50
TID-00789,12/04/2025,Equipment share,Long Iron,"12,220",6,733.2
TID-00790,12/04/2025,Equipment share,Short Iron,"4,000",8.5,340
TID-00791,12/04/2025,The Brothers That Just Do Gutters,AL PAINTED SIDING,"1,380",0.48,662.4
TID-00792,12/04/2025,Equipment share,Dispatch Fee,-50,1,-50
TID-00793,12/05/2025,Delek Companie s,Long Iron,"3,000",6.5,195
TID-00794,12/05/2025,Delek Companie s,Short Iron,"1,000",8.5,85
TID-00795,12/05/2025,Delek Companie s,Tin,"1,480",6.5,96.2
TID-00796,12/05/2025,Delek Companie s,Dispatch Fee,-50,1,-50
TID-00797,12/05/2025,Pinnacle Gas Treating,Long Iron,"20,260",5,1013
TID-00798,12/08/2025,STS Electronic Recycling,Tin,"22,080",5.5,1214.4
TID-00799,12/08/2025,Bannister Plumbing,Tin,"7,220",4.5,324.9
TID-00800,12/08/2025,Arrington Lumber,Tin,"10,000",4.5,450
TID-00801,12/08/2025,Bannister Plumbing,Dispatch Fee,-50,1,-50
TID-00802,12/08/2025,Arrington Lumber,Dispatch Fee,-50,1,-50
TID-00803,12/08/2025,Crest Process Systems,Short Iron,"26,460",9,2381.4
TID-00804,12/08/2025,Wood County Electric Cooperativ e Inc.,Steel Cable,945,0.5,4.725
TID-00805,12/08/2025,Wood County Electric Cooperativ e Inc.,Tin,"3,159",4.5,142.155
TID-00806,12/08/2025,Rhonda Whited,Tin,"7,560",4.5,340.2
TID-00807,12/08/2025,Wood County Electric Cooperativ e Inc.,#1 COPPER,100,4.55,455
TID-00808,12/08/2025,Wood County Electric Cooperativ e Inc.,ACSR NEOPREN E MIX,985,0.6,591
TID-00809,12/08/2025,Wood County Electric Cooperativ e Inc.,AL BREAKAG E >60%,117,0.07,8.19
TID-00810,12/08/2025,Wood County Electric Cooperativ e Inc.,AL EC WIRE,409,1.3,531.7
TID-00811,12/08/2025,Wood County Electric Cooperativ e Inc.,AL NEOPREN E,622,0.6,373.2
TID-00812,12/08/2025,Wood County Electric Cooperativ e Inc.,AL W/CU URD,880,0.15,132
TID-00813,12/08/2025,Wood County Electric Cooperativ e Inc.,INSULATE D #1 COPPER 60%,45,2.5,112.5
TID-00814,12/08/2025,Rhonda Whited,Dispatch Fee,-50,1,-50
TID-00815,12/09/2025,Hughes Appliance,Tin,"3,680",4.5,165.6
TID-00816,12/09/2025,Hughes Appliance,Dispatch Fee,-50,1,-50
TID-00817,12/10/2025,Neckover Trailers,Dealer Clips,"28,600",7,2002
TID-00818,12/10/2025,Aesop Auto,Tin,"7,840",7,548.8
TID-00819,12/10/2025,Neckover Trailers,Dispatch Fee,-50,1,-50
TID-00820,12/11/2025,Leons Sign,Tin,"4,880",6,292.8
TID-00821,12/11/2025,Leons Sign,Dispatch Fee,-50,1,-50
TID-00822,12/12/2025,Gourmet Gardens,Tin,"9,240",4.5,415.8
TID-00823,12/12/2025,STS Electronic Recycling,Tin,"18,120",5.5,996.6
TID-00824,12/12/2025,Gourmet Gardens,Dispatch Fee,-50,1,-50
TID-00825,12/12/2025,Trident Solution Services,Tin,"4,820",6,289.2
TID-00826,12/12/2025,Trident Solution Services,Dispatch Fee,-75,1,-75
TID-00827,12/15/2025,Dowling Heating & Air Conditionin g,Tin,"3,940",4.5,177.3
TID-00828,12/15/2025,Dowling Heating & Air Conditionin g,Dispatch Fee,-50,1,-50
TID-00829,12/15/2025,G&R GUTTERS & GARAGE DOORS,Tin,"5,300",6,318
TID-00830,12/15/2025,G&R GUTTERS & GARAGE DOORS,Dispatch Fee,-50,1,-50
TID-00831,12/15/2025,Bruners Economy Car Center,Tin,"7,200",5,360
TID-00832,12/15/2025,Classic Collision 2031 Crockett,Tin,"3,020",5,151
TID-00833,12/15/2025,Classic Collision 2031 Crockett,Dispatch Fee,-50,1,-50
TID-00834,12/16/2025,Doggett John Deer,Long Iron,"20,140",6,1208.4
TID-00835,12/16/2025,Stone Water Roofing,Tin,"1,540",6,92.4
TID-00836,12/16/2025,Asco Equipment,Tin,"2,720",6,163.2
TID-00837,12/16/2025,JC Fence,Tin,"2,360",6,141.6
TID-00838,12/16/2025,"Cortex Process Equipment , LLC",Tin,"6,420",6.5,417.3
TID-00839,12/16/2025,Precision Garage Door Service of Northeast Texas,Tin,"5,380",6,322.8
TID-00840,12/16/2025,JC Fence,WIRE/FEN CING,"2,000",0.5,10
TID-00841,12/16/2025,Stone Water Roofing,AL PAINTED SIDING,"1,540",0.48,739.2
TID-00842,12/16/2025,Stone Water Roofing,Dispatch Fee,-50,1,-50
TID-00843,12/16/2025,JC Fence,Dispatch Fee,-50,1,-50
TID-00844,12/16/2025,Precision Garage Door Service of Northeast Texas,Dispatch Fee,-50,1,-50
TID-00845,12/17/2025,Rush Truck Center,Long Iron,"1,000",6,60
TID-00846,12/17/2025,Rush Truck Center,Short Iron,"2,000",8.5,170
TID-00847,12/17/2025,Accelerate d Diesel,Tin,"6,280",6,376.8
TID-00848,12/17/2025,Texas Metal Carports,Tin,"10,620",6.25,663.75
TID-00849,12/17/2025,Rush Truck Center,Tin,"1,060",6,63.6
TID-00850,12/17/2025,Rush Truck Center,AL 6061 CLEAN,200,0.45,90
TID-00851,12/17/2025,Rush Truck Center,AL RADIATO R UNCLEAN,100,0.28,28
TID-00852,12/17/2025,Rush Truck Center,Dispatch Fee,-50,1,-50
TID-00853,12/18/2025,Cherokee County Solid Waste,Tin,"8,380",4.5,377.1
TID-00854,12/18/2025,Bannister Plumbing,Tin,"5,300",4.5,238.5
TID-00855,12/18/2025,STS Electronic Recycling,Tin,"17,920",5.5,985.6
TID-00856,12/18/2025,Bannister Plumbing,Dispatch Fee,-50,1,-50
TID-00857,12/19/2025,Arrington Lumber,Long Iron,"13,260",4.5,596.7
TID-00858,12/19/2025,Arrington Lumber,Dispatch Fee,-50,1,-50
TID-00859,12/19/2025,Blue Ribbon Fence Company,Tin,"2,000",6,120
TID-00860,12/19/2025,Rayson Autobody,Tin,"1,680",6,100.8
TID-00861,12/19/2025,Blue Ribbon Fence Company,WIRE/FEN CING,"4,620",0.5,23.1
TID-00862,12/19/2025,Blue Ribbon Fence Company,Dispatch Fee,-50,1,-50
TID-00863,12/19/2025,Rayson Autobody,Dispatch Fee,-50,1,-50
TID-00864,12/19/2025,EQ Autoworks Mineola,Short Iron,"4,060",6.5,263.9
TID-00865,12/19/2025,EQ Autoworks Mineola,Tin,"2,877",4.5,129.465
TID-00866,12/19/2025,EQ Autoworks Mineola,AL NOSE STARTER,20,0.21,4.2
TID-00867,12/19/2025,EQ Autoworks Mineola,AL RADIATO R UNCLEAN,211,0.28,59.08
TID-00868,12/19/2025,EQ Autoworks Mineola,AUTO COMPRE SSOR,119,0.1,11.9
TID-00869,12/19/2025,EQ Autoworks Mineola,Dispatch Fee,-50,1,-50
TID-00870,12/22/2025,Delek Companie s,Long Iron,"25,420",6.5,1652.3
TID-00871,12/22/2025,Delek Companie s,Tin,"21,840",6.5,1419.6
TID-00872,12/22/2025,Delek Companie s,Dispatch Fee,-50,1,-50
TID-00873,12/23/2025,Carla Begley,Tin,"3,500",4.5,157.5
TID-00874,12/23/2025,Carla Begley,Dispatch Fee,-50,1,-50
TID-00875,12/23/2025,Robert,TIN/#2,"5,420",7,379.4
TID-00876,12/23/2025,Robert Fuller,Dispatch Fee,-50,1,-50
TID-00877,12/26/2025,STS Electronic Recycling,Tin,"20,680",5.5,1137.4
TID-00878,12/26/2025,Hangers Of Hope,Tin,"2,960",6,177.6
TID-00879,12/26/2025,Hangers Of Hope,Dispatch Fee,-50,1,-50
TID-00880,12/29/2025,Lennon Constructi on,REBAR,"13,720",0.5,68.6
TID-00881,12/29/2025,Lennon Constructi on,REBAR,"12,700",0.5,63.5
TID-00882,12/29/2025,Lennon Constructi on,Tin,200,4.5,9
TID-00883,12/29/2025,Lennon Constructi on,Tin,"1,000",4.5,45
TID-00884,12/29/2025,Nicholas Neeley,Tin,"4,340",4.5,195.3
TID-00885,12/29/2025,Lennon Constructi on,Dispatch Fee,-50,1,-50
TID-00886,12/29/2025,Lennon Constructi on,Dispatch Fee,-50,1,-50
TID-00887,12/29/2025,Nicholas Neeley,Dispatch Fee,-75,1,-75
TID-00888,12/31/2025,Texas Metal Carports,Tin,"5,020",6.25,313.75
TID-00889,12/31/2025,Eagle Business Machines,Tin,"5,240",6,314.4
TID-00890,12/31/2025,Overhead Door Systems,Tin,"6,680",6,400.8
TID-00891,12/31/2025,Robert Fuller,Tin,"4,920",7,344.4
TID-00892,12/31/2025,Eagle Business Machines,Dispatch Fee,-50,1,-50
TID-00893,12/31/2025,Robert Fuller,Dispatch Fee,-50,1,-50
TID-00894,01/02/2026,Abel Flores,Long Iron,"18,320",4.2271,774.40472
TID-00895,01/02/2026,Delek Companie s,Tin,"11,300",6.0575,684.4975
TID-00896,01/02/2026,Bennett McKenzie,Tin,"8,460",5.409,457.6014
TID-00897,01/02/2026,Crockett Isd,Tin,"3,160",3.4177,107.99932
TID-00898,01/05/2026,Greenway Gutters,AL PAINTED SIDING,"1,000",0.46,460
TID-00899,01/06/2026,"Rusk County Electric Cooperativ e., Inc",Steel Cable,120,0.5,0.6
TID-00900,01/06/2026,"Rusk County Electric Cooperativ e., Inc",Tin,850,6,51
TID-00901,01/06/2026,"Rusk County Electric Cooperativ e., Inc",#1 COPPER,80,4.75,380
TID-00902,01/06/2026,"Rusk County Electric Cooperativ e., Inc",ACSR ALUMINU M COATED STEEL REINFOR CED,279,0.65,181.35
TID-00903,01/06/2026,"Rusk County Electric Cooperativ e., Inc",ACSR NEOPREN E MIX,659,0.65,428.35
TID-00904,01/06/2026,"Rusk County Electric Cooperativ e., Inc",AL BREAKAG E >60%,"2,505",0.1,250.5
TID-00905,01/06/2026,"Rusk County Electric Cooperativ e., Inc",AL NEOPREN E,770,0.65,500.5
TID-00906,01/06/2026,"Rusk County Electric Cooperativ e., Inc",AL W/CU URD,42,0.25,10.5
TID-00907,01/06/2026,"Rusk County Electric Cooperativ e., Inc",INSULATE D #1 COPPER 60%,30,2.7,81
TID-00908,01/06/2026,"Rusk County Electric Cooperativ e., Inc",INSULATE D #2 COPPER 42%,58,1.45,84.1
TID-00909,01/06/2026,"Rusk County Electric Cooperativ e., Inc",INSULATE D #3 COPPER 32%,307,0.7,214.9
TID-00910,01/07/2026,Eldridge Hayter,Tin,"5,320",5.0602,269.20264
TID-00911,01/07/2026,Hangers Of Hope,Tin,"2,560",4.0469,103.60064
TID-00912,01/08/2026,STS Electronic Recycling,Tin,"30,560",5.5,1680.8
TID-00913,01/08/2026,Classic Collision North Jackson,Tin,"2,540",2.5315,64.3001
TID-00914,01/08/2026,Cherokee County Solid Waste,Tin,"9,820",4.5,441.9
TID-00915,01/08/2026,The Brothers That Just Do Gutters,AL PAINTED SIDING,"1,580",0.51,805.8
TID-00916,01/08/2026,Texas Water Utilities,BRASS UNCLEAN /DIRTY,709,2.18,1545.62
TID-00917,01/09/2026,Aesop Auto,Tin,"8,020",7,561.4
TID-00918,01/09/2026,Robert Fuller,Tin,"5,920",6.1554,364.39968
TID-00919,01/09/2026,No Junk,Tin,"4,500",6.5,292.5
TID-00920,01/09/2026,Benjamin Franklin Plumbing,Tin,"7,260",6,435.6
TID-00921,01/12/2026,Astro Machine & Tool Works,Short Iron,"5,000",9,450
TID-00922,01/12/2026,Robertson Mechanica l Contractor s Lic,Tin,"5,600",5.1071,285.9976
TID-00923,01/12/2026,Astro Machine & Tool Works,Tin,"6,732",7,471.24
TID-00924,01/12/2026,Crowded 6 Ranch,Tin,"9,980",6,598.8
TID-00925,01/12/2026,Leons Sign,AL 5052,"2,440",1.5795,3853.98
TID-00926,01/12/2026,Astro Machine & Tool Works,STAINLES S CLEAN,200,0.3,60
TID-00927,01/12/2026,Astro Machine & Tool Works,STAINLES S UNCLEAN,568,0.18,102.24
TID-00928,01/12/2026,Nexgen Comfort Services,Tin,"3,089",4.4122,136.292858
TID-00929,01/12/2026,Nexgen Comfort Services,AL RADIATO RS CLEAN,150,0.5,75
TID-00930,01/12/2026,Nexgen Comfort Services,AL/CU REEFER CLEAN,842,2.1178,1783.1876
TID-00931,01/12/2026,Nexgen Comfort Services,COMPRE SSOR/SE ALED UNIT,"1,908",0.1471,280.6668
TID-00932,01/12/2026,Nexgen Comfort Services,ELECTRIC MOTOR #1,791,0.2941,232.6331
TID-00933,01/13/2026,Arrington Lumber,Tin,"10,520",4.0247,423.39844
TID-00934,01/13/2026,Bannister Plumbing,Tin,"5,900",3.6525,215.4975
TID-00935,01/13/2026,Jasper Ventures Inc,Long Iron,"19,420",13.25,2573.15
TID-00936,01/13/2026,Gary Fleet,Tin,"9,400",7,658
TID-00937,01/13/2026,Jasper Ventures Inc,SPLIT 50/50,"-1,28…",1,#VALUE!
TID-00938,01/13/2026,H&H Constructi on,Tin,"10,520",4.5247,475.99844
TID-00939,01/14/2026,Texas Metal Carports,Tin,"6,980",6.25,436.25
TID-00940,01/14/2026,Midtown Appliance,Tin,"3,580",4.6034,164.80172
TID-00941,01/14/2026,Houston County Co-Op,Tin,"1,520",5,76
TID-00942,01/14/2026,Houston County Co-Op,#2 COPPER,3,4.92,14.76
TID-00943,01/14/2026,Houston County Co-Op,2-1 COPPER,424,2.35,996.4
TID-00944,01/14/2026,Houston County Co-Op,ACSR ALUMINU M COATED STEEL REINFOR CED,"2,781",0.7,1946.7
TID-00945,01/14/2026,Houston County Co-Op,ACSR NEOPREN E MIX,"1,666",0.7,1166.2
TID-00946,01/14/2026,Houston County Co-Op,AL W/CU URD,252,0.25,63
TID-00947,01/14/2026,Houston County Co-Op,INSULATE D #1 COPPER 60%,47,2.8,131.6
TID-00948,01/15/2026,Gourmet Gardens,Tin,"9,040",3.3938,306.79952
TID-00949,01/15/2026,Hughes Appliance,Tin,"3,380",3.0207,102.09966
TID-00950,01/16/2026,STS Electronic Recycling,Tin,"24,900",5.5,1369.5
TID-00951,01/16/2026,Stephen Brooks,Tin,"6,760",5.2604,355.60304
TID-00952,01/16/2026,Joe Cruseturne r,Tin,"1,560",1.7949,28.00044
TID-00953,01/19/2026,Dowling Heating & Air Conditionin g,Tin,"5,560",3.6007,200.19892
TID-00954,01/19/2026,Eldridge Hayter,Tin,"6,240",5.1987,324.39888
TID-00955,01/20/2026,Cook Compressi on,Tin,"6,840",6,410.4
TID-00956,01/21/2026,Becker Iron & Metal,Tin,"3,840",4.6979,180.39936
TID-00957,01/21/2026,Turner Steel Buildings,Tin,"6,760",5.2604,355.60304
TID-00958,01/21/2026,Aesop Auto,#1 COPPER,1,5,5
TID-00959,01/21/2026,Aesop Auto,AUTO HARNESS WIRE,"1,126",2.02,2274.52
TID-00960,01/22/2026,Matt Anderson,Tin,"10,560",4.5265,477.9984
TID-00961,01/22/2026,Kellye Enterprise s,Tin,"28,000",4.6429,1300.012
TID-00962,01/23/2026,Xtreme Metals,Tin,"10,660",5.531,589.6046
TID-00963,01/23/2026,STS Electronic Recycling,Tin,"28,400",5.5,1562
TID-00964,01/23/2026,Robert Fuller,Tin,"5,700",6.1228,348.9996
TID-00965,01/23/2026,Hangers Of Hope,Tin,"4,020",4.7562,191.19924
TID-00966,01/23/2026,Wilders Seamless Gutters,AL PAINTED SIDING,"1,710",0.5108,873.468
TID-00967,01/23/2026,Johnston Gutter,AL PAINTED SIDING,"2,320",0.6584,1527.488
TID-00968,01/28/2026,Jimmy McMillian,Tin,"3,140",3.4076,106.99864
TID-00969,01/28/2026,Bruners Economy Car Center,Tin,"5,420",5,271
TID-00970,01/29/2026,Becker Iron & Metal,Tin,"4,460",4.8789,217.59894
TID-00971,01/29/2026,Texas Metal Carports,Tin,"9,060",6.25,566.25
TID-00972,01/30/2026,STS Electronic Recycling,Tin,"34,060",5.5,1873.3
TID-00973,01/30/2026,Aesop Auto,Tin,"10,160",7.5,762
TID-00974,01/30/2026,Future Infrastructu re,Tin,"6,500",6.5,422.5
TID-00975,01/30/2026,Joe Tex Xpress Mineola,Short Iron,"7,720",6.2743,484.37596
TID-00976,01/30/2026,Joe Tex Xpress Mineola,Tin,"16,072",4.3438,698.135536
TID-00977,01/30/2026,Joe Tex Xpress Mineola,AL RADIATO RS CLEAN,232,0.4923,114.2136
TID-00978,01/30/2026,Joe Tex Xpress Mineola,AL TRUCK WHEELS,176,0.5309,93.4384
TID-00979,02/02/2026,T&O Fence,WIRE/FEN CING,"7,380",0,0
TID-00980,02/02/2026,Becker Iron & Metal,Tin,"3,340",4.503,150.4002
TID-00981,02/02/2026,The Brothers That Just Do Gutters,Tin,250,6,15
TID-00982,02/02/2026,The Brothers That Just Do Gutters,2-1 COPPER,21,4,84
TID-00983,02/02/2026,The Brothers That Just Do Gutters,AL PAINTED SIDING,"1,209",0.54,652.86
TID-00984,02/02/2026,Pinnacle Gas Treating,Long Iron,"18,140",5,907
TID-00985,02/03/2026,Delek Companie s,Long Iron,"25,000",6.1941,1548.525
TID-00986,02/03/2026,Delek Companie s,Short Iron,"3,000",8.5765,257.295
TID-00987,02/03/2026,Precision Garage Door Service of Northeast Texas,Tin,"4,180",4.8038,200.79884
TID-00988,02/03/2026,Future Infrastructu re,Tin,"6,500",5.7308,372.502
TID-00989,02/03/2026,Delek Companie s,ELECTRIC MOTOR #2 LOW GRADE,"1,000",0.2192,219.2
TID-00990,02/04/2026,Carla Begley,Tin,"4,020",3.2562,130.89924
TID-00991,02/04/2026,Neckover Trailers,Dealer Clips,"25,080",6.8006,1705.59048
TID-00992,02/04/2026,Crowded 6 Ranch,Tin,"9,140",6,548.4
TID-00993,02/04/2026,Hughes Appliance,Tin,"3,640",3.1264,113.80096
TID-00994,02/04/2026,Drive On Manufactur ing,AL 6063 CLEAN,189,1.33,251.37
TID-00995,02/04/2026,Drive On Manufactur ing,AL 6063 PAINTED,"2,577",1.05,2705.85
TID-00996,02/04/2026,Drive On Manufactur ing,THERMAL EXTRUSI ON,381,0.6,228.6
TID-00997,02/05/2026,STS Electronic Recycling,Tin,"24,160",5.5,1328.8
TID-00998,02/05/2026,Keith Hodges,Tin,"5,353",5.0812,271.996636
TID-00999,02/05/2026,Keith Hodges Collision,AL BREAKAG E >60%,107,0.0423,4.5261
TID-001000,02/06/2026,Jasper Ventures Inc,Long Iron,"17,060",285,48621
TID-001001,02/06/2026,"Rusk County Electric Cooperativ e., Inc",Steel Cable,"1,140",0.5,5.7
TID-001002,02/06/2026,"Rusk County Electric Cooperativ e., Inc",Tin,"2,500",6,150
TID-001003,02/06/2026,Rush Truck Leasing,Tin,"6,304",5.3136,334.969344
TID-001004,02/06/2026,Becker Iron & Metal,Tin,"4,340",4.8479,210.39886
TID-001005,02/06/2026,Rayson Autobody,Tin,"1,680",3.2752,55.02336
TID-001006,02/06/2026,"Rusk County Electric Cooperativ e., Inc",#1 COPPER,82,4.9,401.8
TID-001007,02/06/2026,"Rusk County Electric Cooperativ e., Inc",ACSR ALUMINU M COATED STEEL REINFOR CED,594,0.75,445.5
TID-001008,02/06/2026,"Rusk County Electric Cooperativ e., Inc",ACSR NEOPREN E MIX,490,0.75,367.5
TID-001009,02/06/2026,"Rusk County Electric Cooperativ e., Inc",AL BREAKAG E >60%,"1,533",0.1,153.3
TID-001010,02/06/2026,Rush Truck Leasing,AL RADIATO R UNCLEAN,196,0.2657,52.0772
TID-001011,02/06/2026,Rayson Autobody,AL RADIATO R UNCLEAN,31,0.1638,5.0778
TID-001012,02/06/2026,"Rusk County Electric Cooperativ e., Inc",BRASS UNCLEAN /DIRTY,19,1.6,30.4
TID-001013,02/06/2026,"Rusk County Electric Cooperativ e., Inc",INSULATE D #1 COPPER 60%,82,2.8,229.6
TID-001014,02/06/2026,Jasper Ventures Inc,SPLIT 50/50,-50,1,-0.5
TID-001015,02/06/2026,RTP,Long Iron,"14,540",4.6561,676.99694
TID-001016,02/06/2026,Pinnacle Gas Treating,Tin,"1,200",5,60
TID-001017,02/06/2026,Pinnacle Gas Treating,Tin,"9,400",5,470
TID-001018,02/09/2026,Becker Iron & Metal,Tin,"2,560",4.0469,103.60064
TID-001019,02/09/2026,Greenway Gutters,AL PAINTED SIDING,420,0.401,168.42
TID-001020,02/09/2026,Lennon Constructi on,Long Iron,"3,000",3.3976,101.928
TID-001021,02/09/2026,Lennon Constructi on,REBAR,"13,820",0.3775,52.1705
TID-001022,02/09/2026,Houston County Co-Op,Tin,"1,380",5,69
TID-001023,02/09/2026,Houston County Co-Op,ACSR ALUMINU M COATED STEEL REINFOR CED,"2,268",0.75,1701
TID-001024,02/09/2026,Houston County Co-Op,ACSR NEOPREN E MIX,"1,318",0.75,988.5
TID-001025,02/09/2026,Houston County Co-Op,BRASS UNCLEAN /DIRTY,25,1.7,42.5
TID-001026,02/09/2026,Houston County Co-Op,INSULATE D #1 COPPER 60%,23,2.8,64.4
TID-001027,02/10/2026,G&R GUTTERS & GARAGE DOORS,AL PAINTED SIDING,"1,440",0.4853,698.832
TID-001028,02/11/2026,STS Electronic Recycling,Tin,"31,260",5.5,1719.3
TID-001029,02/11/2026,Texas Metal Carports,Tin,"8,860",6.25,553.75
TID-001030,02/11/2026,Becker Iron & Metal,Tin,"3,900",4.7179,183.9981
TID-001031,02/11/2026,Hangers Of Hope,Tin,"2,260",3.7876,85.59976
TID-001032,02/11/2026,Toliver Ford,Short Iron,500,6.1054,30.527
TID-001033,02/11/2026,Toliver Ford,Tin,"9,520",4.2268,402.39136
TID-001034,02/11/2026,Toliver Ford,AL BREAKAG E >60%,100,0.047,4.7
TID-001035,02/11/2026,Toliver Ford,AL RADIATO RS CLEAN,152,0.479,72.808
TID-001036,02/11/2026,Toliver Ford,AL WHEEL DIRTY,406,0.6481,263.1286
TID-001037,02/12/2026,Eldridge Hayter,Tin,"6,020",6.6694,401.49788
TID-001038,02/12/2026,G&R GUTTERS & GARAGE DOORS,Tin,"4,980",6.496,323.5008
TID-001039,02/12/2026,Pinnacle Gas Treating,Long Iron,"24,900",5,1245
TID-001040,02/12/2026,Kenan Noble,Tin,"5,940",4.1582,246.99708
TID-001041,02/13/2026,Becker Iron & Metal,Tin,"3,020",5.8444,176.50088
TID-001042,02/16/2026,Tyler Sheet Metal,Tin,"7,440",7.5,558
TID-001043,02/16/2026,Future Infrastructu re,Tin,"4,520",6.8938,311.59976